incident_id,market_question,ts_lower,ts_upper,size_usd_approx,wallet_addrs,direction,outcome_resolved,confidence_tier,n_sources,top_source_url,top_quote
4a7861d53720e86e,Will X win the Nobel Peace Prize?,2025-10-10 00:00:00Z,2024-10-10 13:00:00Z,,,YES,YES,T1,11,https://medium.com/@josh.insidertrading.tech/polymarket-how-crypto-prediction-markets-legalized-insider-trading-1665fe9e8598,"Account 'dirtycup' placed $68,340 on Machado at 3:41 AM UTC, just hours before the announcement. The account had been created weeks before the market opened and had traded only this single market. A classic insider pattern."
b5a7576121657810,Google 2025 Year in Search rankings — most searched persons/outcomes (multiple markets),2025-11-28T00:00:00Z,2024-12-05T16:00:00Z,1564660.111111111,0xafEe,YES,YES,T1,9,https://www.inc.com/ava-levinson/polymarket-million-dollar-google-win-raises-questions/91274626,"Google accidentally pushed the results early, then removed them, but not before it revealed he went 22/23 on his bets and ballooned to $3.9 million in open positions… the same person made over $150,000 when he predicted the early release of Gemini 3."
9a29ed82c29c7ab4,"Will Nicolás Maduro be out of power by January 31, 2026?",2026-01-03 00:00:00Z,2026-01-03 04:21:00Z,32829.6,0x31a56e9E690c621eD21De08Cb559e9524Cdb8eD9,YES,YES,T1,5,https://markets.financialcontent.com/stocks/article/predictstreet-2026-2-5-the-maduro-whale-inside-the-400000-trade-that-sparked-a-washington-firestorm,"An account using the handle 'Burdensome-Mix' began vacuuming up 'Yes' shares. According to on-chain data, the user deployed approximately $32,537 across several hours... realizing a profit of over $403,000—a staggering 1,240% return on investment in under 24 hours."
c9359bd71e11f94d,"Will Maduro exit office / be captured by January 31, 2026?",2026-01-02T00:00:00Z,2025-01-03T06:00:00Z,,,YES,YES,T1,4,https://fortune.com/2026/01/05/polymarket-user-400k-maduro-capture-bets-insider-trading-suspicion/,"one Polymarket account invested over $30,000 on Maduro's exit by Jan. 31, 2026... the user netted $436,759.61... The account was created less than a week before Maduro's capture and only made bets associated with Maduro's exit and the U.S. going to war with Venezuela, including within a day of his arrest."
8ec812fa7a11429f,Will Israel strike Iran? / Timing of Israel's opening strike on Iran in the June 2025 12-day war,2025-06-01T00:00:00Z,2025-06-05T00:00:00Z,,,YES,YES,T1,4,https://www.timesofisrael.com/two-indicted-for-using-classified-info-to-place-online-bets-on-military-operations/,"user who went by the name ricosuave666 placed several bets in June 2025 with suspicious accuracy regarding Israeli military operations in Iran, wagering tens of thousands of dollars and making a profit of around $150,000"
539f0f3176819ce4,"Google 2025 Year in Search rankings (multiple markets, e.g. 'Will d4vd top the most searched person list?')",2025-12-03T00:00:00Z,2025-12-04T23:59:00Z,1716666.6666666667,,YES,YES,T1,3,https://gizmodo.com/polymarket-user-accused-of-1-million-insider-trade-on-google-search-markets-2000696258,"Blockchain records show the bets landed just before Google published the data related to these markets for the first time. Across 23 Google-related markets this time, the account hit 22 correct outcomes... a nearly 20x gain on predicting d4vd would be the most searched person of the year."
921db992979b7ab0,Will Trump win the 2024 US Presidential Election?,2024-10-01T00:00:00Z,2024-11-05T00:00:00Z,80000000.0,,YES,YES,T1,3,https://www.thefp.com/p/french-whale-makes-85-million-on-polymarket-trump-win,"[Manual seed: French Whale Théo] handle=Theo4 / Fredi9999, size_invested=$80000000, size_payout=$85000000; event=Trump wins 2024 US Presidential Election"
fbb67dbb1dc81afa,Will Nicolás Maduro be toppled/captured by the end of January?,2026-01-01T00:00:00Z,2026-01-04T00:00:00Z,32000.0,,YES,YES,T1,2,https://www.npr.org/2026/01/05/nx-s1-5667232/polymarket-maduro-bet-insider-trading,"a user wagered $32,000 that Maduro would be toppled by the end of January hours before Trump ordered the operation. When it was clear the U.S. had captured Maduro, the trader made more than $400,000 in profit."
6c797bf18b050b9b,Will the U.S. strike Iran?,2025-03-24T23:53:00Z,2025-03-25 00:00:00,87000.0,,YES,YES,T1,2,https://qz.com/polymarket-iran-strike-insider-bet-prediction-markets,"An account called 'Magamyman' placed an $87,000 bet on U.S. strikes against Iran roughly 71 minutes before news of the attacks broke publicly. The odds at the time sat at 17%. By the time the smoke cleared over Tehran, the position had turned into more than $553,000."
41d2e2fc24d7bb55,Will the US strike Iran / outbreak of war in Iran,2026-02-22T00:00:00Z,2026-02-28T00:00:00Z,,,YES,YES,T1,2,https://www.cbsnews.com/news/polymarket-insider-trading-rules-iran-war-venezuela/,One user appeared to make hundreds of thousands of dollars on wagers related to the timing of U.S. strikes on Iran.
b8d627037f72e29e,Barron Trump prediction market trading activity,,2026-04-13T17:53:00Z,,,,,T3,2,https://reddit.com/r/Polymarket/comments/1skig93/barron_trump_trading_against_people_that_have/,Barron Trump trading against people that have zero insider information
47889b5634ee9e72,Will Nicolás Maduro leave office before the end of January?,2024-12-27T00:00:00Z,2025-01-03T00:00:00Z,400000.0,,YES,YES,T1,1,https://fortune.com/2026/01/12/polymarket-kalshi-insider-trading-prediction-markets-cftc-torres-titus-venezuela/,"The user, Burdensome-Mix, had become the largest holder of 'yes' contracts for the event—which paid out in the event Maduro was toppled before the end of January—well before the news of the raid reached the public. The user ended up making over $400,000 from the well-timed trade."
501ea1e1f996c3ac,Will there be a US-Israeli strike on Iran by February 28?,2026-02-22T00:00:00Z,2026-02-27T12:00:00Z,2000000.0,,YES,YES,T1,1,https://www.aljazeera.com/news/2026/3/25/large-polymarket-wall-street-bets-on-trumps-war-news-under-scrutiny,38 accounts that he believes belong to one person and netted more than $2m betting correctly on the February 28 strikes...the user began preparing accounts with cryptocurrency transfers on February 22 before bets were placed on February 27 between 11:00 and 12:00 GMT
fcbc23ceb0760519,Will the U.S. and Iran agree to a cease-fire?,2026-04-07T00:00:00Z,2026-04-07T23:30:00Z,,,YES,YES,T1,1,https://time.com/article/2026/04/10/white-house-oil-prediction-markets-polymarket-bets-insider-trading-war/,"On April 7, at least 50 newly created Polymarket accounts placed substantial bets that the U.S. and Iran would agree to a cease-fire shortly before Trump announced the deal on Truth Social at around 6:30 p.m. E.T. The bets, which generated hundreds of thousands of dollars in profit"
1d9d3533cf604b55,Maduro out of power by January 31 (2026),2026-01-02 21:00:00,2026-01-03 03:00:00,32000.0,,YES,YES,T1,1,https://markets.financialcontent.com/stocks/article/predictstreet-2026-1-17-the-400000-maduro-snatch-and-extract-payout-prediction-markets-face-an-existential-insider-trading-crisis,"Just hours before the first official confirmation of the raid hit the news wires, an anonymous trader on Polymarket placed a series of aggressive bets totaling $32,000 on Maduro's departure. When the dust settled, that trader walked away with over $400,000"
05192e6fc18e2e1b,Will Nicolás Maduro be removed from power by January 31?,2024-12-27T00:00:00Z,2025-01-05T12:00:00Z,34000.0,,YES,YES,T1,1,https://igamingbusiness.com/legal-compliance/maduro-trade-triggers-bill-on-insider-trading-safeguards/,"The unidentified trader on Polymarket invested more than $34,000 on a series of event contracts predicting Maduro would be ousted by 31 January... the trader generated a return of $436,759.61... The final trade, with a probability below 10%, apparently occurred mere hours before US special forces removed Maduro"
ae28261c298e6535,Will Google Search lose antitrust case / face related ruling?,,2024-12-05T16:00:00Z,1000000.0,,YES,,T1,1,https://finance.yahoo.com/news/polymarket-trader-makes-1-million-090001027.html,"Polymarket Trader Makes $1 Million on Google Search Bets, Sparking Insider Trading Fears"
30244208e2f0f8eb,ChatGPT Browser launch date,2025-01-01T00:00:00Z,2025-04-10T00:00:00Z,309486.0,,YES,YES,T1,1,https://gizmodo.com/the-great-insider-trading-reckoning-reportedly-hits-openai-2000727838,"13 wallets with zero activity were opened, signed up for prediction markets, and collectively bet $309,486 on the product's launch date. All of them were opened within 40 hours of the public unveiling."
eb94e3f897ed1bc3,Will Israel strike Iran / timing of Israel's opening strike against Iran in June 2025,2025-06-12T00:00:00Z,2025-06-13T00:00:00Z,162663.0,,YES,YES,T1,1,https://www.wionews.com/world/military-intel-for-gambling-israeli-air-force-major-charged-with-using-secret-iran-war-details-to-win-big-on-polymarket-1774598651598,"the reservist, who served as a major, shared information on the timing of Israel's opening strike in June 2025 with a civilian acquaintance, who then placed online bets for profit. Prosecutors allege the pair earned $162,663 from a successful wager"
ea643f2140891011,Will Israel's war with Iran start/begin on [specific date in June 2025]?,2025-06-12T00:00:00Z,2025-06-13T12:00:00Z,162663.0,,YES,YES,T1,1,https://www.timesofisrael.com/israeli-air-force-major-charged-with-using-classified-info-to-place-bets-on-polymarket/,"the reservist was briefed on the operation in a confidential meeting a day before it began on June 13, then notified his accomplice...the latter placed a bet on the war's timing...The pair allegedly made $162,663 after winning the bet"
965e7dd9c9183f67,Will there be a US-Iran ceasefire before March 31?,2026-03-21T00:00:00Z,2026-03-23T23:59:00Z,70000.0,,YES,,T1,1,https://www.timesofisrael.com/polymarket-bets-on-us-iran-ceasefire-appear-to-suggest-insider-trading/,"a total of eight new accounts created around March 21 bet almost $70,000 on there being a ceasefire before March 31. They stand to win nearly $820,000. The wallets 'definitely [look like] someone with some degree of inside info'"
bf07479c8aaebb5c,Will the US/Israel conduct military strikes against Iran?,2024-01-01T00:00:00Z,2026-02-28T23:59:59Z,967000.0,,YES,YES,T1,1,https://www.cnn.com/2026/03/24/politics/iran-war-bets-prediction-markets,"The bettor won a staggering 93% of their five-figure wagers about Iran, even though the events they predicted were unannounced military operations... hours before Israeli strikes in October 2024... hours before US airstrikes against Iranian nuclear facilities in June 2025, and hours before the joint US-Israeli surprise attack in February"
ef751522366f23f1,Who will be eliminated next on Survivor (pre-taped season)?,,2025-03-25T00:00:00Z,10000000.0,,YES,YES,T1,1,https://gamingamerica.com/news/reality-tv-betting-insider-trading-prediction-markets,The Times points to a Survivor episode in which one contestant held a 98% probability of elimination despite 21 possible outcomes. That contestant was eliminated. A similar pattern emerged in the following episode. One contestant held a 98% probability and eventually left the show.
750385cd82e300ed,Will the American military strike on Iran?,2025-02-01T00:00:00Z,2025-02-28T23:59:00Z,855000.0,,YES,YES,T1,1,https://staytuned.substack.com/p/polymarkets-insider-trading-problem,"In February, more than 150 accounts on Polymarket correctly predicted the American military strike on Iran, betting a collective $855,000. The accuracy of these bets has sparked concern that people entrusted with sensitive information may be leaking to their friends in order to cash in."
6715f250ef617289,Will Israel attack Iran on Friday? (and related Israel-Iran war markets),2025-06-01T00:00:00Z,2025-06-30T00:00:00Z,152000.0,,YES,YES,T1,1,https://philippdubach.com/posts/the-absolute-insider-mess-of-prediction-markets/,"Israeli authorities indicted two people for using classified military intelligence to bet on Polymarket during Israel's 12-day war with Iran in June 2025. A Polymarket account called 'ricosuave666' placed seven bets on questions like 'Will Israel attack Iran on Friday?' and got every one correct. Total winnings: roughly $150,000-$152,000."
bd6181cb5edf70e3,Will the US and Iran agree to a cease-fire?,2025-04-07T00:00:00Z,2025-04-07T18:30:00Z,500000.0,,YES,YES,T1,1,https://time.com/article/2026/04/10/white-house-oil-prediction-markets-polymarket-bets-insider-trading-war/,"[Manual seed: 50 Accounts Iran Ceasefire Apr 7] handle=None, size_invested=$500000, size_payout=$?; event=Trump announced ceasefire on Truth Social"
ebe4fc0c131aa442,Will Israel strike Yemen/Houthis in September 2025?,2025-09-01T00:00:00Z,2025-09-30T00:00:00Z,5000.0,,YES,YES,T1,1,https://www.wionews.com/world/military-intel-for-gambling-israeli-air-force-major-charged-with-using-secret-iran-war-details-to-win-big-on-polymarket-1774598651598,"[Manual seed: Israeli Air Force Major (Yemen strike)] handle=None, size_invested=$?, size_payout=$5000; event=Israeli strike in Yemen against Houthis"
91ac0ff6e6ecd23e,"Will OpenAI release GPT-5.2 before December 13, 2025?",2025-12-09T00:00:00Z,2025-12-11T00:00:00Z,309486.0,,YES,YES,T1,1,https://gizmodo.com/the-great-insider-trading-reckoning-reportedly-hits-openai-2000727838,"[Manual seed: GPT-5.2 13 Wallets (Unusual Whales)] handle=None, size_invested=$309486, size_payout=$?; event=GPT-5.2 released on Dec 11, 2025"
a493149ba9a14730,Axiom prediction market (specific question not publicly named),2025-01-01T00:00:00Z,2025-02-27T23:59:59Z,1200000.0,,,,T1,1,https://www.bitget.com/amp/news/detail/12560605226286,"[Manual seed: Axiom Probe (3 Addresses)] handle=None, size_invested=$?, size_payout=$1200000; event=?"
316839b34103ca1b,Will Axiom [related Polymarket contract] resolve YES?,2024-01-01T00:00:00Z,2025-02-27T17:21:00Z,1200000.0,,YES,,T2,1,https://www.bitget.com/amp/news/detail/12560605226286,"eight of the ten most profitable wallets could have benefited from insider knowledge... three wallets in particular that exclusively traded on this single market, each making over $100,000... The eight addresses with the largest profits amassed $1.2 million"
27dcaa2632222f63,#1 Searched Person on Google This Year (and related Google end-of-year search ranking markets),2025-11-04T00:00:00Z,2025-12-04T16:00:00Z,1000000.0,0xafEe,NO,YES,T2,1,https://hoodline.com/2025/12/meta-engineer-claims-google-insider-used-early-search-data-in-1m-polymarket-plunder/,"a tweet from New York–based Meta software engineer Haeju Jeong ... showed a 'Google insider has officially been exposed on Polymarket ... profited $1,000,000 in a single day betting on the Google search markets.' ... went 22/23 on his bets"
bae428bcbe253547,Will US forces conduct ground operations [in conflict referenced as 'the war'],2026-02-21T00:00:00Z,2026-03-14T00:00:00Z,27000.0,,YES,NO,T2,1,https://reddit.com/r/Polymarket/comments/1rp1sbc/a_fresh_wallet_just_bet_27000_on_us_forces/obojmdm/,This one aged poorly - March 14 came and went with no US boots on the ground. The bet lost... the fresh wallet + single high-conviction bet pattern keeps showing up on these military markets.
8e38aa61967d86ce,"Will OpenAI release a new large model before December 13, 2025?",2025-12-01T00:00:00Z,2025-12-11T00:00:00Z,13000.0,,YES,YES,T2,1,https://gizmodo.com/the-great-insider-trading-reckoning-reportedly-hits-openai-2000727838,"[Manual seed: GPT-5.2 4 Accounts Profit] handle=None, size_invested=$?, size_payout=$13000; event=?"
aedf4b77ad7ed5f4,Kalshi market on a Survivor episode outcome (contestant-specific),2026-01-01T00:00:00Z,2026-03-30T23:59:59Z,,,YES,YES,T2,1,https://gamingamerica.com/news/reality-tv-betting-insider-trading-prediction-markets,"[Manual seed: Survivor 98% pre-aired predictions (Kalshi)] handle=None, size_invested=$?, size_payout=$?; event=?"
6563b066f03a8aae,Will US forces enter Iran?,2026-03-31T00:00:00Z,2026-04-01T19:12:00Z,930000.0,,YES,,T3,1,https://reddit.com/r/Polymarket/comments/1s9u9xs/this_whale_just_bet_930k_that_us_forces_will/,$930K total on american boots hitting iranian soil... he knows something iykyk
005098e5c63be93a,Will TISZA win Hungary's election?,,,44000.0,,YES,,T3,1,https://reddit.com/r/Polymarket/comments/1s8021d/someones_first_ever_polymarket_bet_is_44k_on_a/,"Anonymous wallet dropped $44K on TISZA winning Hungary's election. Who wakes up one day and throws 44 grand on Hungarian politics as their introduction to prediction markets, must be some kind of insider imo"
7d6f423e55f2977f,"Will US forces enter Iran by April 30, 2026?",2026-01-01T00:00:00Z,2026-03-30T16:20:00Z,375000.0,,YES,,T3,1,https://reddit.com/r/Polymarket/comments/1s7v8wd/this_guy_bet_375k_that_us_forces_will_enter_iran/,"This guy bet $375K that US forces will enter Iran by April 30... This dude almost never loses. 57 predictions total, only lost 6... does this guy know something we don't??"
5bbbf2ca7765bf40,Will U.S. forces enter Iran within 5 days?,2026-03-09T00:00:00Z,2026-03-09T14:32:00Z,27000.0,,YES,,T3,1,https://reddit.com/r/Polymarket/comments/1rp1sbc/a_fresh_wallet_just_bet_27000_on_us_forces/,"A fresh wallet just bet $27,000 on U.S. forces entering Iran within 5 days. Zero history, Just one prediction. Already sitting on nearly $4,000 profit."
1fe87a21aa60da18,Will Péter Magyar become Hungary's next Prime Minister?,2025-11-01T00:00:00Z,2026-03-26T17:44:00Z,97000.0,,NO,,T3,1,https://reddit.com/r/Polymarket/comments/1s4egca/polymarket_whale_is_betting_100k_against_the/,"trader on Polymarket called Alexparker who's got a massive position betting NO on Péter Magyar becoming Hungary's next Prime Minister. we're talking 214,936 shares of NO, bought at an average price of 45¢ per share... this guy has apparently won his last 50 trades in a row"
600b4ee121d4f212,Hungarian election: TISZA performance vs. Orbán's party,,,44000.0,,YES,,T3,1,https://reddit.com/r/Polymarket/comments/1s8021d/someones_first_ever_polymarket_bet_is_44k_on_a/odeqzp6/,First bet being $44K on a Hungarian election screams insider or someone with deep regional knowledge. No casual trader picks that as their entry point.
491420d20e821318,Will US forces enter Iran?,,,75000.0,,YES,,T3,1,https://reddit.com/r/Polymarket/comments/1s7v8wd/this_guy_bet_375k_that_us_forces_will_enter_iran/odgd7f9/,75k on a geopolitical event that could easily not happen screams insider info or just someone with way more money than sense
708b9add7c9704e1,Trump/Netanyahu outcome,,2026-03-25T12:42:00Z,59000.0,,NO,,T3,1,https://reddit.com/r/Polymarket/comments/1s2jw1u/polymarket_trader_drops_59k_on_trump_netanyahu/ocds2rb/,59k on trump/netanyahu out bets at 1-12% odds is pure lottery ticket behavior. the expected value is terrible unless this person genuinely has information.
1f5bdd1c1088e7b4,"Will GPT-5.5 be published by April 23, 2026?",2026-04-14T00:00:00Z,2026-04-23T23:59:59Z,,,YES,,T3,1,https://reddit.com/r/Polymarket/comments/1slcse0/why_people_so_weirdly_sure_about_gpt_55_published/og649xx/,The GPT-5.5 on April 23 confidence without any public evidence is either (1) someone at OpenAI leaked internally and it spread through prediction market channels
45e561ab076fc290,Will the US invade Iran?,2026-04-14T00:00Z,2026-04-17T01:00Z,730000.0,,YES,,T3,1,https://reddit.com/r/PredictionMarkets/comments/1so8e9l/trump_says_iran_agreed_to_no_nuclear_weapons_but/,a whale has been accumulating $730K+ on US invading Iran over 72 hours straight. Same wallet previously made $1M+ on Iran conflict markets.
