source,suspicion_score,confidence_tier,n_supporting_sources,wallet,condition_id,market_question,size_usd_approx,direction,outcome_resolved,onchain_flags_count,onchain_wallet_concentration,onchain_size_percentile,onchain_win_aligned,onchain_realized_profit_usd,onchain_profit_ratio,flags,ts_lower,ts_upper,merged_candidate_ids,evidence_urls
onchain,1.0,,1,0xb5ebce29a273fa6f79ada747a37a00b3f6cf24de,0xdc4b9ecbfac2c8e98fe18b35c4578a3c64e34ddfe16b1cf8a98ab3ad9d06c088,"Will US or Israel strike Iran by February 28, 2026?",105694.297269,BUY,,6.0,1.0,99.55654101995566,True,17927.617908999997,0.1696176461003648,fresh_wallet;single_market;large_first_position;realized_profit;informed_entry;early_timing,,,,
onchain,1.0,,1,0xa4a165650b9932660a10079e404e74a23529f6bb,0x6cc501fa617e3a46ececf6e3990fe1afeeaa6bc897d3c7049c005fd1bdc42c2f,Fed decreases interest rates by 50+ bps after September 2024 meeting?,15005.906350000001,BUY,,6.0,1.0,95.89123867069486,True,16232.784449999994,1.081759679914302,fresh_wallet;single_market;large_first_position;realized_profit;informed_entry;early_timing,,,,
onchain,1.0,,1,0xea40ad86cd24d518b7ffbbe6a3a01a299e5d05a7,0xcba58d7e057d3a6051d062d6b62388f9207b6f3bc9212835f137128720964c76,Israel x Hamas ceasefire cancelled before April?,102605.58,SELL,,6.0,0.9999766100453387,99.68203497615262,True,60260.42,0.5873015873015873,fresh_wallet;single_market;large_first_position;realized_profit;informed_entry;early_timing,,,,
onchain,1.0,,1,0x6b2e32c9df629fb1c36356d1abf776928baf09c8,0x1b07e957981a04e688191208a4fc8b8349a93d6de03eba460fda38e647dafa5b,Sea/Air ceasefire in Ukraine before May? ,119043.63,SELL,,6.0,0.9999579163609094,99.52718676122932,True,62702.37,0.5267175572519084,fresh_wallet;single_market;large_first_position;realized_profit;informed_entry;early_timing,,,,
onchain,1.0,,1,0x6bcfeac36a7a11b001d99932f7a2831a9852324e,0x70909f0ba8256a89c301da58812ae47203df54957a07c7f8b10235e877ad63c2,Khamenei out as Supreme Leader of Iran by March 31?,86219.86155799998,BUY,,6.0,0.8949061599664496,99.52213446605164,True,45092.67480400004,0.5229963721719301,fresh_wallet;single_market;large_first_position;realized_profit;informed_entry;early_timing,,,,
onchain,1.0,,1,0xda71792705fa7a0cd773f3b6aa5739b58f189351,0x70909f0ba8256a89c301da58812ae47203df54957a07c7f8b10235e877ad63c2,Khamenei out as Supreme Leader of Iran by March 31?,10992.110198999999,BUY,,6.0,1.0,96.79431870976306,True,15046.105513999999,1.3688095590024933,fresh_wallet;single_market;large_first_position;realized_profit;informed_entry;early_timing,,,,
onchain,1.0,,1,0x4d8a89d16700befb5402406cbd5add446448548c,0x70909f0ba8256a89c301da58812ae47203df54957a07c7f8b10235e877ad63c2,Khamenei out as Supreme Leader of Iran by March 31?,38653.71960900001,BUY,,6.0,0.8643782322483786,98.97126169775005,True,7479.562834999999,0.19350176155514104,fresh_wallet;single_market;large_first_position;realized_profit;informed_entry;early_timing,,,,
onchain,1.0,,1,0x88050e487a41a00557201dcbc2abe9da749b90ea,0x1b07e957981a04e688191208a4fc8b8349a93d6de03eba460fda38e647dafa5b,Sea/Air ceasefire in Ukraine before May? ,150331.61,SELL,,6.0,1.0,99.64539007092199,True,59922.38999999999,0.3986013986013986,fresh_wallet;single_market;large_first_position;realized_profit;informed_entry;early_timing,,,,
onchain,1.0,,1,0x42af933f58c5581a75ae72ccc2a7e0079896ee14,0x6cc501fa617e3a46ececf6e3990fe1afeeaa6bc897d3c7049c005fd1bdc42c2f,Fed decreases interest rates by 50+ bps after September 2024 meeting?,48112.397767,BUY,,6.0,1.0,98.3987915407855,True,61236.57659399999,1.2727816412426192,fresh_wallet;single_market;large_first_position;realized_profit;informed_entry;early_timing,,,,
onchain,1.0,,1,0xc56c59ee4bff28c423377b95df48888cb58af597,0x68ff092a4ea332946bc7ca59efc2b2a56bb702fd0d85d02ba883d29d7fdc5f2e,South Korean President impeached in 2024?,41387.707849,BUY,,6.0,0.9270514073458179,99.37830276655268,True,13028.303293999998,0.3147867802085779,fresh_wallet;single_market;large_first_position;realized_profit;informed_entry;early_timing,,,,
onchain,1.0,,1,0x6410bfb847686fc754c14368601b3948c48acc0b,0xa638577415195ac2ca0e8ab8befd45e3991612be6d2cf64e661abc6350c7900a,Yoon out as president of South Korea before April?,83752.575228,SELL,,6.0,1.0,98.72306464485236,True,17104.515623000003,0.20422674259789989,fresh_wallet;single_market;large_first_position;realized_profit;informed_entry;early_timing,,,,
onchain,1.0,,1,0x22337493042f3e342927d9cb14df84d3625c62b7,0x6cc501fa617e3a46ececf6e3990fe1afeeaa6bc897d3c7049c005fd1bdc42c2f,Fed decreases interest rates by 50+ bps after September 2024 meeting?,42239.17470599999,BUY,,6.0,0.9772265571727118,98.18731117824774,True,16875.655563,0.3995261668927174,fresh_wallet;single_market;large_first_position;realized_profit;informed_entry;early_timing,,,,
onchain,1.0,,1,0x1ee7a8c5dddb414259cdea2708e3338c0bd335ab,0x6cc501fa617e3a46ececf6e3990fe1afeeaa6bc897d3c7049c005fd1bdc42c2f,Fed decreases interest rates by 50+ bps after September 2024 meeting?,75362.45529899998,BUY,,6.0,1.0,98.91238670694864,True,18673.24835699999,0.24777919300683632,fresh_wallet;single_market;large_first_position;realized_profit;informed_entry;early_timing,,,,
onchain,1.0,,1,0x6143c34bdfc419913fd7a6f95176258859a5c6da,0x1b07e957981a04e688191208a4fc8b8349a93d6de03eba460fda38e647dafa5b,Sea/Air ceasefire in Ukraine before May? ,166100.66,BUY,,6.0,1.0,99.88179669030734,True,60973.66000000001,0.3670886075949368,fresh_wallet;single_market;large_first_position;realized_profit;informed_entry;early_timing,,,,
onchain,1.0,,1,0xb5dcac1a0959236d616cc28e67351bbf8e1f5104,0x1b07e957981a04e688191208a4fc8b8349a93d6de03eba460fda38e647dafa5b,Sea/Air ceasefire in Ukraine before May? ,151760.808548,BUY,,6.0,1.0,99.76359338061465,True,60884.91,0.4011899421367598,fresh_wallet;single_market;large_first_position;realized_profit;informed_entry;early_timing,,,,
onchain,1.0,,1,0xb53ffcf78a6d1b68ca20455a0f1a986c26888707,0xcba58d7e057d3a6051d062d6b62388f9207b6f3bc9212835f137128720964c76,Israel x Hamas ceasefire cancelled before April?,141693.41999999998,BUY,,6.0,1.0,99.84101748807632,True,60260.42,0.4252873563218391,fresh_wallet;single_market;large_first_position;realized_profit;informed_entry;early_timing,,,,
onchain,1.0,,1,0x0826cfc430f6ea95f61513e734f62c6a8b9f465c,0xa638577415195ac2ca0e8ab8befd45e3991612be6d2cf64e661abc6350c7900a,Yoon out as president of South Korea before April?,43284.285,BUY,,6.0,0.8782781258749132,97.7387603085927,True,6796.215,0.15701345187982196,fresh_wallet;single_market;large_first_position;realized_profit;informed_entry;early_timing,,,,
onchain,1.0,,1,0xad1972ef00580dd337561751f6da9d4dc6ada7ad,0x70909f0ba8256a89c301da58812ae47203df54957a07c7f8b10235e877ad63c2,Khamenei out as Supreme Leader of Iran by March 31?,24477.040484999998,BUY,,6.0,0.9207088875107223,98.36065573770492,True,27060.033204999996,1.105527166226771,fresh_wallet;single_market;large_first_position;realized_profit;informed_entry;early_timing,,,,
onchain,1.0,,1,0xac874791f5b16bcc1e2768af135784bd65faae28,0x8f48b7a8bca71c288587bc51c7ee67479422e90bdcbe868790215cec7887c468,"Will the US next strike Iran on February 28, 2026 (ET)?",58013.133937,BUY,,6.0,0.9769048493784971,98.83808095952024,True,24443.508599000015,0.42134439117777556,fresh_wallet;single_market;large_first_position;realized_profit;informed_entry;early_timing,,,,
callout,0.95,T1,1,,0x29c48e46061e57cc6608419cfed3aaab88f53c7a92f045894fca2f7ecdd3cd8b,Will Israel attack Iran on Friday? (and related Israel-Iran war markets),152000.0,YES,YES,,,,,,,tier=T1;n_sources=1,2025-06-01T00:00:00Z,2025-06-30T00:00:00Z,,https://philippdubach.com/posts/the-absolute-insider-mess-of-prediction-markets/
callout,0.95,T1,3,,0xeaf59fcbf65e45abac0383dad483239d849e6d48d9eb2a6b3bf5cc1c7e9cf2ad,"Google 2025 Year in Search rankings (multiple markets, e.g. 'Will d4vd top the most searched person list?')",1716666.6666666667,YES,YES,,,,,,,tier=T1;n_sources=3,2025-12-03T00:00:00Z,2025-12-04T23:59:00Z,,https://gizmodo.com/polymarket-user-accused-of-1-million-insider-trade-on-google-search-markets-2000696258;https://beincrypto.com/alleged-google-insider-trade-polymarket/;https://defirate.com/news/polymarket-trader-turned-10k-into-1m-google/
callout;onchain,0.95,T1,6,0x31a56e9e690c621ed21de08cb559e9524cdb8ed9,0x580adc1327de9bf7c179ef5aaffa3377bb5cb252b7d6390b027172d43fd6f993,"Will Nicolás Maduro be out of power by January 31, 2026?",361629.7629070001,YES,YES,5.0,1.0,99.88485895221646,True,4.092726157978177e-11,1.1317448334667904e-16,tier=T1;n_sources=5 | fresh_wallet;single_market;large_first_position;informed_entry;early_timing,2026-01-03 00:00:00Z,2026-01-03 04:21:00Z,"[""df674b3fff13e307"", ""30b30fd188c75b8d""]",https://markets.financialcontent.com/stocks/article/predictstreet-2026-2-5-the-maduro-whale-inside-the-400000-trade-that-sparked-a-washington-firestorm;https://markets.financialcontent.com/stocks/article/predictstreet-2026-1-14-the-400000-shadow-bet-how-a-timely-wager-on-maduros-downfall-ignited-an-insider-trading-firestorm;https://www.npr.org/2026/01/05/nx-s1-5667232/polymarket-maduro-bet-insider-trading;https://fortune.com/2026/01/05/polymarket-user-400k-maduro-capture-bets-insider-trading-suspicion/;https://fortune.com/2026/01/12/polymarket-kalshi-insider-trading-prediction-markets-cftc-torres-titus-venezuela/
callout,0.95,T1,1,,,Axiom prediction market (specific question not publicly named),1200000.0,,,,,,,,,tier=T1;n_sources=1,2025-01-01T00:00:00Z,2025-02-27T23:59:59Z,,https://www.bitget.com/amp/news/detail/12560605226286
callout,0.95,T1,2,,0xe377cc3f81cabf05e05be23be9be14a889c34f35eb38e6d166da4448d4b7850c,Will Nicolás Maduro be toppled/captured by the end of January?,32000.0,YES,YES,,,,,,,tier=T1;n_sources=2,2026-01-01T00:00:00Z,2026-01-04T00:00:00Z,,https://www.npr.org/2026/01/05/nx-s1-5667232/polymarket-maduro-bet-insider-trading;https://www.mexc.com/news/783229
callout,0.95,T1,3,,0xdd22472e552920b8438158ea7238bfadfa4f736aa4cee91a6b86c39ead110917,Will Trump win the 2024 US Presidential Election?,80000000.0,YES,YES,,,,,,,tier=T1;n_sources=3,2024-10-01T00:00:00Z,2024-11-05T00:00:00Z,,https://www.thefp.com/p/french-whale-makes-85-million-on-polymarket-trump-win;https://www.cbsnews.com/news/french-whale-made-over-80-million-on-polymarket-betting-on-trump-election-win-60-minutes/;https://finance.yahoo.com/news/polymarket-whale-actually-made-85-050139914.html
callout,0.95,T1,1,,,Will the US and Iran agree to a cease-fire?,500000.0,YES,YES,,,,,,,tier=T1;n_sources=1,2025-04-07T00:00:00Z,2025-04-07T18:30:00Z,,https://time.com/article/2026/04/10/white-house-oil-prediction-markets-polymarket-bets-insider-trading-war/
callout,0.95,T1,4,,0xa1cea47a71a65f0880b1d2ba1892fa2f7b3d22c6142f7e83bba445e881e8a1e8,Will Israel strike Iran? / Timing of Israel's opening strike on Iran in the June 2025 12-day war,,YES,YES,,,,,,,tier=T1;n_sources=4,2025-06-01T00:00:00Z,2025-06-05T00:00:00Z,,https://www.timesofisrael.com/two-indicted-for-using-classified-info-to-place-online-bets-on-military-operations/;https://www.newarab.com/analysis/gambling-death-polymarket-and-dark-rise-war-betting;https://www.wionews.com/world/military-intel-for-gambling-israeli-air-force-major-charged-with-using-secret-iran-war-details-to-win-big-on-polymarket-1774598651598;https://www.timesofisrael.com/israeli-air-force-major-charged-with-using-classified-info-to-place-bets-on-polymarket/
callout,0.95,T1,4,,0x580adc1327de9bf7c179ef5aaffa3377bb5cb252b7d6390b027172d43fd6f993,"Will Maduro exit office / be captured by January 31, 2026?",,YES,YES,,,,,,,tier=T1;n_sources=4,2026-01-02T00:00:00Z,2025-01-03T06:00:00Z,,https://fortune.com/2026/01/05/polymarket-user-400k-maduro-capture-bets-insider-trading-suspicion/;https://www.cnn.com/2026/03/30/politics/prediction-markets-justice-department;https://newrepublic.com/post/204885/insider-trading-trump-attack-venezuela-maduro-polymarket;https://www.cnbc.com/2026/04/15/kalshi-and-polymarket-congress-regulation-washington-influence.html
callout,0.95,T1,2,,0xd054d5a23d72e41369a4bdd3a7170b9a55ea1b8023cd579588692ec0a7601288,Will the US strike Iran / outbreak of war in Iran,,YES,YES,,,,,,,tier=T1;n_sources=2,2026-02-22T00:00:00Z,2026-02-28T00:00:00Z,,https://www.cbsnews.com/news/polymarket-insider-trading-rules-iran-war-venezuela/;https://www.aljazeera.com/news/2026/3/25/large-polymarket-wall-street-bets-on-trumps-war-news-under-scrutiny
onchain,0.95,,1,0xf22074c8ea28a3c4567051736344403c52791c08,0x6cc501fa617e3a46ececf6e3990fe1afeeaa6bc897d3c7049c005fd1bdc42c2f,Fed decreases interest rates by 50+ bps after September 2024 meeting?,106750.40917899998,BUY,,5.0,1.0,99.15407854984895,True,68874.552772,0.6451924006821423,fresh_wallet;single_market;large_first_position;realized_profit;informed_entry,,,,
callout,0.95,T1,9,0xafEe,0x264771233508f8a6370efdc5c60d061a315596bb916a034e1dada9c7f01b6f81,Google 2025 Year in Search rankings — most searched persons/outcomes (multiple markets),1564660.111111111,YES,YES,,,,,,,tier=T1;n_sources=9,2025-11-28T00:00:00Z,2024-12-05T16:00:00Z,,https://www.inc.com/ava-levinson/polymarket-million-dollar-google-win-raises-questions/91274626;https://www.mexc.co/en-IN/news/233271;https://bitcoinethereumnews.com/tech/how-an-alleged-google-insider-made-1-million-on-polymarket/;https://www.todayonchain.com/news/article/01KBPXNCHB7F55S2ERYB77XE9A/;https://www.bitget.com/amp/news/detail/12560605098443
onchain,0.95,,1,0xc4c60a108fefce765b8e6bb4c895046d17f8cda3,0xdc4b9ecbfac2c8e98fe18b35c4578a3c64e34ddfe16b1cf8a98ab3ad9d06c088,"Will US or Israel strike Iran by February 28, 2026?",23749.4131,SELL,,5.0,1.0,98.25783972125436,True,15766.417100000002,0.6638655462184875,fresh_wallet;single_market;large_first_position;realized_profit;informed_entry,,,,
callout,0.95,T1,11,,0x30c41d5ef02f609015e99ebafd7d30b44de6f4c84f672a405718792807b87052,Will X win the Nobel Peace Prize?,,YES,YES,,,,,,,tier=T1;n_sources=11,2025-10-10 00:00:00Z,2024-10-10 13:00:00Z,,https://medium.com/@josh.insidertrading.tech/polymarket-how-crypto-prediction-markets-legalized-insider-trading-1665fe9e8598;https://finance.yahoo.com/news/norway-probes-potential-insider-trading-194041145.html;https://www.cryptopolitan.com/nobel-investigates-itself-over-polymarket/;https://decrypt.co/343840/nobel-peace-prize-organizers-intestigating-polymarket-insider-trades;https://www.coindesk.com/markets/2025/10/11/norwegian-officials-probe-major-polymarket-bets-on-nobel-peace-winner
callout,0.95,T1,1,,0xe377cc3f81cabf05e05be23be9be14a889c34f35eb38e6d166da4448d4b7850c,Will Nicolás Maduro leave office before the end of January?,400000.0,YES,YES,,,,,,,tier=T1;n_sources=1,2024-12-27T00:00:00Z,2025-01-03T00:00:00Z,,https://fortune.com/2026/01/12/polymarket-kalshi-insider-trading-prediction-markets-cftc-torres-titus-venezuela/
callout,0.95,T1,1,,0xad5c2225599157e5c54739adeaa1f4c3d7b608f026e0ddc1cd3dac34dd14f765,Will Israel strike Yemen/Houthis in September 2025?,5000.0,YES,YES,,,,,,,tier=T1;n_sources=1,2025-09-01T00:00:00Z,2025-09-30T00:00:00Z,,https://www.wionews.com/world/military-intel-for-gambling-israeli-air-force-major-charged-with-using-secret-iran-war-details-to-win-big-on-polymarket-1774598651598
callout,0.95,T1,1,,0x41e5b3c5f0f57504ea391cf56fc7d4cdb43f951baa8780a9896b008b37fc4d8a,Will the American military strike on Iran?,855000.0,YES,YES,,,,,,,tier=T1;n_sources=1,2025-02-01T00:00:00Z,2025-02-28T23:59:00Z,,https://staytuned.substack.com/p/polymarkets-insider-trading-problem
callout,0.95,T1,1,,,Who will be eliminated next on Survivor (pre-taped season)?,10000000.0,YES,YES,,,,,,,tier=T1;n_sources=1,,2025-03-25T00:00:00Z,,https://gamingamerica.com/news/reality-tv-betting-insider-trading-prediction-markets
callout,0.95,T1,1,,0x7d6e384367079c316716325cb08697f96ccc90a1b165ee8e798b580b31b4313a,Will the US/Israel conduct military strikes against Iran?,967000.0,YES,YES,,,,,,,tier=T1;n_sources=1,2024-01-01T00:00:00Z,2026-02-28T23:59:59Z,,https://www.cnn.com/2026/03/24/politics/iran-war-bets-prediction-markets
callout,0.95,T1,1,,0x3c6bcb7da14ea576e5af25547dbd96f2bb24ac34e748e76aecff2ee9195dd1ac,Will there be a US-Iran ceasefire before March 31?,70000.0,YES,,,,,,,,tier=T1;n_sources=1,2026-03-21T00:00:00Z,2026-03-23T23:59:00Z,,https://www.timesofisrael.com/polymarket-bets-on-us-iran-ceasefire-appear-to-suggest-insider-trading/
onchain,0.95,,1,0xa430506774f9efaf39903ee7e0db1351f66891ca,0x14a3dfeba8b22a32feb0f10763db68bc4d2abeb5bff90e9ae20de53793b35a1d,Will María Corina Machado win the Nobel Peace Prize in 2025?,156704.26020500003,BUY,,5.0,0.9964838684026703,99.82342554443791,True,39785.539104999996,0.25388932663957364,fresh_wallet;single_market;large_first_position;realized_profit;informed_entry,,,,
callout,0.95,T1,1,,0xa1cea47a71a65f0880b1d2ba1892fa2f7b3d22c6142f7e83bba445e881e8a1e8,Will Israel's war with Iran start/begin on [specific date in June 2025]?,162663.0,YES,YES,,,,,,,tier=T1;n_sources=1,2025-06-12T00:00:00Z,2025-06-13T12:00:00Z,,https://www.timesofisrael.com/israeli-air-force-major-charged-with-using-classified-info-to-place-bets-on-polymarket/
callout,0.95,T1,1,,0xa1cea47a71a65f0880b1d2ba1892fa2f7b3d22c6142f7e83bba445e881e8a1e8,Will Israel strike Iran / timing of Israel's opening strike against Iran in June 2025,162663.0,YES,YES,,,,,,,tier=T1;n_sources=1,2025-06-12T00:00:00Z,2025-06-13T00:00:00Z,,https://www.wionews.com/world/military-intel-for-gambling-israeli-air-force-major-charged-with-using-secret-iran-war-details-to-win-big-on-polymarket-1774598651598
onchain,0.95,,1,0x1973177faa69b94b4afab818e612a7c05b3c01a9,0x14a3dfeba8b22a32feb0f10763db68bc4d2abeb5bff90e9ae20de53793b35a1d,Will María Corina Machado win the Nobel Peace Prize in 2025?,13841.232224,BUY,,5.0,1.0,97.35138316656857,True,12863.780638,0.9293811728478085,fresh_wallet;single_market;large_first_position;realized_profit;informed_entry,,,,
callout,0.95,T1,1,,,ChatGPT Browser launch date,309486.0,YES,YES,,,,,,,tier=T1;n_sources=1,2025-01-01T00:00:00Z,2025-04-10T00:00:00Z,,https://gizmodo.com/the-great-insider-trading-reckoning-reportedly-hits-openai-2000727838
callout,0.95,T1,1,,0x580adc1327de9bf7c179ef5aaffa3377bb5cb252b7d6390b027172d43fd6f993,Maduro out of power by January 31 (2026),32000.0,YES,YES,,,,,,,tier=T1;n_sources=1,2026-01-02 21:00:00,2026-01-03 03:00:00,,https://markets.financialcontent.com/stocks/article/predictstreet-2026-1-17-the-400000-maduro-snatch-and-extract-payout-prediction-markets-face-an-existential-insider-trading-crisis
callout,0.95,T1,1,,0xb3ebf217cf2f393a66030c072b04b893268506923e01b23f1bcf3504c3d319c2,Will there be a US-Israeli strike on Iran by February 28?,2000000.0,YES,YES,,,,,,,tier=T1;n_sources=1,2026-02-22T00:00:00Z,2026-02-27T12:00:00Z,,https://www.aljazeera.com/news/2026/3/25/large-polymarket-wall-street-bets-on-trumps-war-news-under-scrutiny
callout,0.95,T1,1,,0x3c8835bb025ef50dce6ac3566cede5ddd91a8b9fe0e9d849e2c2359ffcbc54f6,"Will OpenAI release GPT-5.2 before December 13, 2025?",309486.0,YES,YES,,,,,,,tier=T1;n_sources=1,2025-12-09T00:00:00Z,2025-12-11T00:00:00Z,,https://gizmodo.com/the-great-insider-trading-reckoning-reportedly-hits-openai-2000727838
callout,0.95,T1,1,,,Will the U.S. and Iran agree to a cease-fire?,,YES,YES,,,,,,,tier=T1;n_sources=1,2026-04-07T00:00:00Z,2026-04-07T23:30:00Z,,https://time.com/article/2026/04/10/white-house-oil-prediction-markets-polymarket-bets-insider-trading-war/
callout,0.95,T1,2,,0xd054d5a23d72e41369a4bdd3a7170b9a55ea1b8023cd579588692ec0a7601288,Will the U.S. strike Iran?,87000.0,YES,YES,,,,,,,tier=T1;n_sources=2,2025-03-24T23:53:00Z,2025-03-25 00:00:00,,https://qz.com/polymarket-iran-strike-insider-bet-prediction-markets;https://qz.com/polymarket-iran-strike-insider-bet-prediction-markets
callout,0.95,T1,1,,,Will Google Search lose antitrust case / face related ruling?,1000000.0,YES,,,,,,,,tier=T1;n_sources=1,,2024-12-05T16:00:00Z,,https://finance.yahoo.com/news/polymarket-trader-makes-1-million-090001027.html
callout,0.95,T1,1,,0xdfc820cb9f888cfa933c5a7ff961f47da0c11e9a25055dfdf4f282d299830eb4,Will Nicolás Maduro be removed from power by January 31?,34000.0,YES,YES,,,,,,,tier=T1;n_sources=1,2024-12-27T00:00:00Z,2025-01-05T12:00:00Z,,https://igamingbusiness.com/legal-compliance/maduro-trade-triggers-bill-on-insider-trading-safeguards/
onchain,0.9,,1,0x98fbafc00de1b8ba747047835fce1b4c0f5eb06d,0x3c6bcb7da14ea576e5af25547dbd96f2bb24ac34e748e76aecff2ee9195dd1ac,US x Iran ceasefire by March 31?,22697.948784,BUY,,5.0,1.0,98.0967420212766,True,5287.236400000002,0.23293895189890573,fresh_wallet;single_market;large_first_position;realized_profit;early_timing,,,,
onchain,0.9,,1,0x7428fb8d878c9a08d1cf5997095b677e1dad78b0,0x58f4542341fcc66a2197877b7487ebe901b689ec42bcdbb0a070f5536d91459e,No change in Fed interest rates after December 2025 meeting?,13134.017338000001,SELL,,5.0,0.8018082614153024,99.17634635691658,True,13134.017338000001,1.0,fresh_wallet;single_market;large_first_position;realized_profit;early_timing,,,,
onchain,0.9,,1,0xe5614a82286714402a78023451da748728d197cf,0xa638577415195ac2ca0e8ab8befd45e3991612be6d2cf64e661abc6350c7900a,Yoon out as president of South Korea before April?,52189.015182999996,SELL,,5.0,0.9913857676275435,97.87177440808725,True,8788.031196999997,0.16838852325886774,fresh_wallet;single_market;large_first_position;realized_profit;early_timing,,,,
onchain,0.9,,1,0xe42b5f3c8ec8dc615ca8a073186d27b3934b8444,0x70909f0ba8256a89c301da58812ae47203df54957a07c7f8b10235e877ad63c2,Khamenei out as Supreme Leader of Iran by March 31?,15052.214458999999,BUY,,5.0,1.0,97.61067233025817,True,10503.333317,0.6977932280734854,fresh_wallet;single_market;large_first_position;realized_profit;early_timing,,,,
onchain,0.9,,1,0x9e4fdfe32f78e3d3ab021577c137539e7db46868,0x773abaa5fe55e5cde51a261f444b7921652a4e059ead6b3be9fe56499c2d4609,US x Iran ceasefire by April 15?,28484.571491000002,SELL,,5.0,0.8175364358594817,98.48056010725458,True,28484.571491000002,1.0,fresh_wallet;single_market;large_first_position;realized_profit;early_timing,,,,
onchain,0.9,,1,0xbabe7e7cc20e3431b198ec428b93513b8205ee53,0x47de0bef6cb4663b593cff4fbf1ece8eb77a3b4a9f1c2e272ba3bbba12e8c052,Israel announces ceasefire by January 16?,23387.850131000003,SELL,,5.0,1.0,96.21733149931224,True,10697.819857000002,0.4574092871760074,fresh_wallet;single_market;large_first_position;realized_profit;early_timing,,,,
onchain,0.9,,1,0x6c07d5dcaa876555d315d928d964408f028b48d9,0x3b2f19935f2a969634a7aca52b69cf653d957ec6243bdfcb97dd830003e90624,Israel x Iran ceasefire before July? ,33611.18940799999,SELL,,5.0,0.9283541046637928,97.87444389520515,True,9863.199407999999,0.29344987730938205,fresh_wallet;single_market;large_first_position;realized_profit;early_timing,,,,
onchain,0.9,,1,0x6cb8a17a73860381bf090acc9d1eb7662197f4f1,0x6b24a578e8644f45e49130da20267e466163dc35fee34dd23357a68530d34381,Yoon out as president of South Korea before May?,521858.77424,BUY,,5.0,1.0,99.22413793103448,True,107880.47999999998,0.2067235147231353,fresh_wallet;single_market;large_first_position;realized_profit;early_timing,,,,
onchain,0.9,,1,0x6efcf8f2bb054057ae8b044fb9a746b13b61c98b,0x70909f0ba8256a89c301da58812ae47203df54957a07c7f8b10235e877ad63c2,Khamenei out as Supreme Leader of Iran by March 31?,101677.30025200007,BUY,,5.0,1.0,99.60841574301453,True,32206.14693699999,0.3167486435731408,fresh_wallet;single_market;large_first_position;realized_profit;early_timing,,,,
onchain,0.9,,1,0x6fd2faaa789d5db094c5b98e84f679a11184da00,0x773abaa5fe55e5cde51a261f444b7921652a4e059ead6b3be9fe56499c2d4609,US x Iran ceasefire by April 15?,21934.727799999997,SELL,,5.0,1.0,98.01876955161627,True,20329.727799999997,0.9268283602771674,fresh_wallet;single_market;large_first_position;realized_profit;early_timing,,,,
onchain,0.9,,1,0x777a23452373a2e1cd5f119880c2e8c011cf7091,0x3c6bcb7da14ea576e5af25547dbd96f2bb24ac34e748e76aecff2ee9195dd1ac,US x Iran ceasefire by March 31?,34454.5937,BUY,,5.0,1.0,98.74501329787235,True,7987.426299999999,0.23182471311510489,fresh_wallet;single_market;large_first_position;realized_profit;early_timing,,,,
onchain,0.9,,1,0x94f8221473e0b15f14b014209cfc7dc9367b4c04,0x773abaa5fe55e5cde51a261f444b7921652a4e059ead6b3be9fe56499c2d4609,US x Iran ceasefire by April 15?,16200.536199999999,SELL,,5.0,1.0,97.49739311783108,True,11514.776199999997,0.7107651288727096,fresh_wallet;single_market;large_first_position;realized_profit;early_timing,,,,
onchain,0.9,,1,0xbd9fd903b2ba33cf9fdc0979ff1be24658dc040d,0x773abaa5fe55e5cde51a261f444b7921652a4e059ead6b3be9fe56499c2d4609,US x Iran ceasefire by April 15?,45850.893095,SELL,,5.0,1.0,99.18069417548041,True,39206.103095,0.8550782863436828,fresh_wallet;single_market;large_first_position;realized_profit;early_timing,,,,
onchain,0.9,,1,0x870535b39b1f8902a3be94f15158b39961058354,0x773abaa5fe55e5cde51a261f444b7921652a4e059ead6b3be9fe56499c2d4609,US x Iran ceasefire by April 15?,42507.993129999966,SELL,,5.0,0.9079147374236906,99.07641888872337,True,26508.619130000003,0.6236149292894182,fresh_wallet;single_market;large_first_position;realized_profit;early_timing,,,,
onchain,0.9,,1,0xa21e37ac5ec283f46a2c904151a70318c226d3a8,0x6cc501fa617e3a46ececf6e3990fe1afeeaa6bc897d3c7049c005fd1bdc42c2f,Fed decreases interest rates by 50+ bps after September 2024 meeting?,258876.17881899985,BUY,,5.0,0.8643642094039945,99.78851963746223,True,67012.29213199999,0.2588584721765899,fresh_wallet;single_market;large_first_position;realized_profit;early_timing,,,,
onchain,0.9,,1,0x01bfc213738b7ab0d4f9e65756aadc1f4daa5e61,0x6b24a578e8644f45e49130da20267e466163dc35fee34dd23357a68530d34381,Yoon out as president of South Korea before May?,31751.793498,BUY,,5.0,1.0,92.93103448275862,True,5257.329564999999,0.1655758300812567,fresh_wallet;single_market;large_first_position;realized_profit;early_timing,,,,
onchain,0.9,,1,0x883e29ff0b8c666160ba305de42f7c929d5281a8,0x3b2f19935f2a969634a7aca52b69cf653d957ec6243bdfcb97dd830003e90624,Israel x Iran ceasefire before July? ,12836.44924399998,SELL,,5.0,1.0,95.89718240237272,True,8825.44924399999,0.687530412518492,fresh_wallet;single_market;large_first_position;realized_profit;early_timing,,,,
onchain,0.9,,1,0x898b0ed5c7a6b5c8eef7bae5dafe2e76a78ce311,0x6b24a578e8644f45e49130da20267e466163dc35fee34dd23357a68530d34381,Yoon out as president of South Korea before May?,11624.97854,BUY,,5.0,1.0,87.47126436781609,True,7764.917272000001,0.6679511059123212,fresh_wallet;single_market;large_first_position;realized_profit;early_timing,,,,
onchain,0.9,,1,0xa30e451354cb41cfd46689a065defed989ea49d5,0x773abaa5fe55e5cde51a261f444b7921652a4e059ead6b3be9fe56499c2d4609,US x Iran ceasefire by April 15?,28810.0,SELL,,5.0,1.0,98.4954565767913,True,28810.0,1.0,fresh_wallet;single_market;large_first_position;realized_profit;early_timing,,,,
onchain,0.9,,1,0xd7f85d0eb0fe0732ca38d9107ad0d4d01b1289e4,0x6cc501fa617e3a46ececf6e3990fe1afeeaa6bc897d3c7049c005fd1bdc42c2f,Fed decreases interest rates by 50+ bps after September 2024 meeting?,147064.592553,BUY,,5.0,0.9635675343496729,99.42598187311178,True,42037.053378000004,0.2858407496206162,fresh_wallet;single_market;large_first_position;realized_profit;early_timing,,,,
onchain,0.9,,1,0x912f92c8116d2157114aa8ac93e2a80e6bf64f53,0x02ecadc1573b897e74b1150db0099005a678f863bc8cab793410e8eb9e962ad8,Will GPT-5 be released by August 10?,38519.29978399999,BUY,,5.0,1.0,98.64864864864865,True,12342.067275000001,0.3204125553737767,fresh_wallet;single_market;large_first_position;realized_profit;early_timing,,,,
onchain,0.9,,1,0x878f74cf4edba47579ad65b5e53a0e4612401755,0x70909f0ba8256a89c301da58812ae47203df54957a07c7f8b10235e877ad63c2,Khamenei out as Supreme Leader of Iran by March 31?,24539.993519,BUY,,5.0,1.0,98.36729275900976,True,18859.994997999995,0.7685411564350134,fresh_wallet;single_market;large_first_position;realized_profit;early_timing,,,,
onchain,0.9,,1,0x64f38c96fa1c04b30f91364ed0f4f143fbac34b6,0x6b24a578e8644f45e49130da20267e466163dc35fee34dd23357a68530d34381,Yoon out as president of South Korea before May?,36700.4029,BUY,,5.0,1.0,93.33333333333333,True,6852.925430999999,0.18672616346127358,fresh_wallet;single_market;large_first_position;realized_profit;early_timing,,,,
onchain,0.9,,1,0x4e820a4b31acc9d0649fdef68f9239f0c997b85c,0x6b24a578e8644f45e49130da20267e466163dc35fee34dd23357a68530d34381,Yoon out as president of South Korea before May?,654719.551224,BUY,,5.0,1.0,99.48275862068967,True,155769.51220600007,0.23791791754925987,fresh_wallet;single_market;large_first_position;realized_profit;early_timing,,,,
onchain,0.9,,1,0x53821614977237082ab6ece055657b9d0438f18f,0x70909f0ba8256a89c301da58812ae47203df54957a07c7f8b10235e877ad63c2,Khamenei out as Supreme Leader of Iran by March 31?,54573.419706999994,BUY,,5.0,1.0,99.27656467777261,True,11381.204721,0.2085484981902309,fresh_wallet;single_market;large_first_position;realized_profit;early_timing,,,,
onchain,0.9,,1,0xff11dce4cdb9280d198a27ae1c178533650d3690,0x74f97b1c6caf682f5ef9ccd325b3344959bf8fd38fe565e5398ecfebb827b4c0,Will Biden announce resignation by July 31?,36830.16916,SELL,,5.0,1.0,97.99839871897518,True,5595.839559999999,0.15193629808459994,fresh_wallet;single_market;large_first_position;realized_profit;early_timing,,,,
onchain,0.9,,1,0xfb76faeb73963c359ae6e2cbd9234629c61a6597,0x773abaa5fe55e5cde51a261f444b7921652a4e059ead6b3be9fe56499c2d4609,US x Iran ceasefire by April 15?,20888.070400000004,SELL,,5.0,1.0,97.94428720393267,True,11262.2804,0.5391728476748143,fresh_wallet;single_market;large_first_position;realized_profit;early_timing,,,,
onchain,0.9,,1,0x2fee978b950b605c58a95c0fabf97332eb216aff,0x3c6bcb7da14ea576e5af25547dbd96f2bb24ac34e748e76aecff2ee9195dd1ac,US x Iran ceasefire by March 31?,40411.237116000004,BUY,,5.0,1.0,98.9029255319149,True,7420.701600000001,0.183629656738767,fresh_wallet;single_market;large_first_position;realized_profit;early_timing,,,,
onchain,0.9,,1,0xfa5f246bb1dbfe039dc7f4d3eede0d9808a86bfe,0x773abaa5fe55e5cde51a261f444b7921652a4e059ead6b3be9fe56499c2d4609,US x Iran ceasefire by April 15?,61154.81399400001,SELL,,5.0,0.9165928940111949,99.44883062714138,True,56124.81399400001,0.9177497293918104,fresh_wallet;single_market;large_first_position;realized_profit;early_timing,,,,
onchain,0.9,,1,0x0ec838dea9d3a98fa5110041ccda33142aa1e747,0x6b24a578e8644f45e49130da20267e466163dc35fee34dd23357a68530d34381,Yoon out as president of South Korea before May?,86366.88429999999,BUY,,5.0,1.0,96.17816091954023,True,23766.3357,0.2751788013730629,fresh_wallet;single_market;large_first_position;realized_profit;early_timing,,,,
onchain,0.9,,1,0x4d8a31c1bbe22eeb1e3d296170371202c6042953,0x773abaa5fe55e5cde51a261f444b7921652a4e059ead6b3be9fe56499c2d4609,US x Iran ceasefire by April 15?,12973.616498,SELL,,5.0,1.0,96.9909131535826,True,12973.616498,1.0,fresh_wallet;single_market;large_first_position;realized_profit;early_timing,,,,
onchain,0.9,,1,0x08310db64ab7d40556dd8cf6f4f0c2fe56661a7e,0x74f97b1c6caf682f5ef9ccd325b3344959bf8fd38fe565e5398ecfebb827b4c0,Will Biden announce resignation by July 31?,121352.009637,BUY,,5.0,1.0,99.47958366693355,True,45538.609199000006,0.3752604455024647,fresh_wallet;single_market;large_first_position;realized_profit;early_timing,,,,
onchain,0.9,,1,0x5168192c27b22e038bb60656f3ab509b4ad768ad,0x70909f0ba8256a89c301da58812ae47203df54957a07c7f8b10235e877ad63c2,Khamenei out as Supreme Leader of Iran by March 31?,35786.586082999995,BUY,,5.0,1.0,98.89825446339682,True,8965.321533999997,0.2505218439447307,fresh_wallet;single_market;large_first_position;realized_profit;early_timing,,,,
onchain,0.9,,1,0xfed82545df7a98b801cf31f31f430d26a1074c98,0x68ff092a4ea332946bc7ca59efc2b2a56bb702fd0d85d02ba883d29d7fdc5f2e,South Korean President impeached in 2024?,58037.368034000014,BUY,,5.0,0.9926873561326758,99.62698165993162,True,10979.215053999998,0.18917493032365024,fresh_wallet;single_market;large_first_position;realized_profit;early_timing,,,,
onchain,0.9,,1,0x6091397fe0f621c4872632bc613eda4b6275972b,0x6b24a578e8644f45e49130da20267e466163dc35fee34dd23357a68530d34381,Yoon out as president of South Korea before May?,281946.234525,BUY,,5.0,0.9918717844843292,98.47701149425288,True,48351.54753,0.17149208469288035,fresh_wallet;single_market;large_first_position;realized_profit;early_timing,,,,
onchain,0.9,,1,0x033e27323e0ebb881ade645ce1a4992e3c0d4cdf,0x6cc501fa617e3a46ececf6e3990fe1afeeaa6bc897d3c7049c005fd1bdc42c2f,Fed decreases interest rates by 50+ bps after September 2024 meeting?,118469.05969600001,BUY,,5.0,0.9310979999263179,99.2749244712991,True,45064.53809199999,0.38039078057712944,fresh_wallet;single_market;large_first_position;realized_profit;early_timing,,,,
onchain,0.9,,1,0x569bc52832340c316983c4c6185ddd41f0075658,0x02dc46f4354c1cc447577db82ba62cca1bda737bd67b73fe966ce1bfe580868f,No change in Fed interest rates after September 2025 meeting?,15390.546527999999,SELL,,5.0,1.0,97.53889017877874,True,15390.546527999999,1.0,fresh_wallet;single_market;large_first_position;realized_profit;early_timing,,,,
onchain,0.85,,1,0x8c1e83466a650f5ffb28316f1dca054e8ad56cb8,0x70909f0ba8256a89c301da58812ae47203df54957a07c7f8b10235e877ad63c2,Khamenei out as Supreme Leader of Iran by March 31?,7132.4071699999995,BUY,,5.0,0.9865882404849728,95.65275104533086,True,8420.156561000002,1.18054905732478,fresh_wallet;single_market;realized_profit;informed_entry;early_timing,,,,
onchain,0.85,,1,0x50497ed7d44938da69806a0f91948c4237d6ec17,0x0c8ad9a71972fd2983a76a4243f3719e4b5bb0d82cc92eb01c7ee6617fb2c970,Will MicroStrategy purchase Bitcoin July 1-7?,3252.7017880000008,BUY,,5.0,1.0,98.8922224786522,True,6574.551794999999,2.021258702305604,fresh_wallet;single_market;realized_profit;informed_entry;early_timing,,,,
onchain,0.85,,1,0x6acee3c318f3e3aad88803bfe224b309746095a9,0x70909f0ba8256a89c301da58812ae47203df54957a07c7f8b10235e877ad63c2,Khamenei out as Supreme Leader of Iran by March 31?,9674.967999,BUY,,5.0,0.8947452432128835,96.37618636755823,True,7550.691573999999,0.7804358189898337,fresh_wallet;single_market;realized_profit;informed_entry;early_timing,,,,
onchain,0.85,,1,0xec104ac88ac5d120b976dd83cee1f77eb481bbc7,0x70909f0ba8256a89c301da58812ae47203df54957a07c7f8b10235e877ad63c2,Khamenei out as Supreme Leader of Iran by March 31?,2397.268,BUY,,5.0,1.0,90.99356208933432,True,10219.931999999999,4.263157894736842,fresh_wallet;single_market;realized_profit;informed_entry;early_timing,,,,
onchain,0.85,,1,0xbea3a34bf4f16f76d3d269ce460b478f28e67ff8,0x70909f0ba8256a89c301da58812ae47203df54957a07c7f8b10235e877ad63c2,Khamenei out as Supreme Leader of Iran by March 31?,4872.746577000002,BUY,,5.0,1.0,94.33862082697286,True,10843.077745999999,2.22524967688259,fresh_wallet;single_market;realized_profit;informed_entry;early_timing,,,,
onchain,0.85,,1,0xad1b2e9f0c31d0aee419fd72b4657b236f218b52,0x70909f0ba8256a89c301da58812ae47203df54957a07c7f8b10235e877ad63c2,Khamenei out as Supreme Leader of Iran by March 31?,5277.3009139999995,BUY,,5.0,1.0,94.7102940200438,True,5480.703898,1.038542995238418,fresh_wallet;single_market;realized_profit;informed_entry;early_timing,,,,
onchain,0.85,,1,0xf1a1bcf248a0dc05bec474c229f490db00106f24,0x70909f0ba8256a89c301da58812ae47203df54957a07c7f8b10235e877ad63c2,Khamenei out as Supreme Leader of Iran by March 31?,2258.9,BUY,,5.0,1.0,90.83427357801818,True,6215.1,2.751383416707247,fresh_wallet;single_market;realized_profit;informed_entry;early_timing,,,,
onchain,0.85,,1,0x00e262a340419a294f4470a465cc3be167cf6b9e,0x6cc501fa617e3a46ececf6e3990fe1afeeaa6bc897d3c7049c005fd1bdc42c2f,Fed decreases interest rates by 50+ bps after September 2024 meeting?,22382.180865000002,BUY,,5.0,0.9975487116527284,97.0392749244713,True,24048.480075000003,1.0744475804234817,fresh_wallet;single_market;realized_profit;informed_entry;early_timing,,,,
onchain,0.85,,1,0x72b2d0ffab41c12727fdfe52e530320d50325548,0x70909f0ba8256a89c301da58812ae47203df54957a07c7f8b10235e877ad63c2,Khamenei out as Supreme Leader of Iran by March 31?,3010.146998999999,BUY,,5.0,1.0,92.20813698811973,True,5756.696332999999,1.9124303015475426,fresh_wallet;single_market;realized_profit;informed_entry;early_timing,,,,
onchain,0.85,,1,0xdad42409cf398c9149c50217e4dc4a039d9dec0b,0x70909f0ba8256a89c301da58812ae47203df54957a07c7f8b10235e877ad63c2,Khamenei out as Supreme Leader of Iran by March 31?,2138.04,BUY,,5.0,1.0,90.50242251277626,True,5640.960000000001,2.6383790761632153,fresh_wallet;single_market;realized_profit;informed_entry;early_timing,,,,
onchain,0.85,,1,0xde7cdcab3e0c5b0e8315da358e80c7d80a12c933,0x70909f0ba8256a89c301da58812ae47203df54957a07c7f8b10235e877ad63c2,Khamenei out as Supreme Leader of Iran by March 31?,9292.3818,BUY,,5.0,1.0,96.30317913320502,True,17808.4482,1.9164567904431133,fresh_wallet;single_market;realized_profit;informed_entry;early_timing,,,,
onchain,0.85,,1,0xec3670776f673468af504aecdf14260b0e95a402,0x70909f0ba8256a89c301da58812ae47203df54957a07c7f8b10235e877ad63c2,Khamenei out as Supreme Leader of Iran by March 31?,6911.962584000002,BUY,,5.0,1.0,95.54655870445345,True,8139.136970999998,1.1775435517895732,fresh_wallet;single_market;realized_profit;informed_entry;early_timing,,,,
onchain,0.8,,1,0x514550b8f94f24e3bd5fca1c8af19e985fb71f46,0x3725dfa6b17797bd51879ecc3893142bf058be6c9e81bfd72f309060bb387f85,"Will US or Israel strike Iran by March 31, 2026?",13190.077911999997,BUY,,5.0,0.329421874510205,97.96686746987952,True,7578.223128999994,0.5745396789586451,fresh_wallet;large_first_position;realized_profit;informed_entry;early_timing,,,,
onchain,0.8,,1,0xac346028e4b51fe08beb6bb9685a3cae944b7306,0xa638577415195ac2ca0e8ab8befd45e3991612be6d2cf64e661abc6350c7900a,Yoon out as president of South Korea before April?,74163.00092600001,BUY,,5.0,0.13749255194876103,98.61665336525671,True,56003.08180000001,0.7551350552262576,fresh_wallet;large_first_position;realized_profit;informed_entry;early_timing,,,,
onchain,0.8,,1,0x38692cead875c0cd862052efbff8f6add7310e3c,0x70909f0ba8256a89c301da58812ae47203df54957a07c7f8b10235e877ad63c2,Khamenei out as Supreme Leader of Iran by March 31?,63896.228545,BUY,,5.0,0.4229132553084472,99.38275701865003,True,26721.563624000002,0.41820251730790164,fresh_wallet;large_first_position;realized_profit;informed_entry;early_timing,,,,
onchain,0.8,,1,0xc9c8f269315019111c3c081072db26194d1e44fb,0x6cc501fa617e3a46ececf6e3990fe1afeeaa6bc897d3c7049c005fd1bdc42c2f,Fed decreases interest rates by 50+ bps after September 2024 meeting?,14083.328421999997,SELL,,5.0,0.5384192125414893,95.64954682779457,True,6683.040569999998,0.47453559057532285,fresh_wallet;large_first_position;realized_profit;informed_entry;early_timing,,,,
onchain,0.8,,1,0x96f91943667762bbce634653e01e1a4745611d08,0x80059ff4e694f878c0498f6f3a067ee7ca62dc2fc46251a4287b58355ce47bc5,US x Iran ceasefire by April 30?,13391.077097,SELL,,5.0,0.4351627174327503,96.42365887207703,True,5292.755096999999,0.3952449126131709,fresh_wallet;large_first_position;realized_profit;informed_entry;early_timing,,,,
onchain,0.8,,1,0x25db6ca5935ae858a5c1f2dcd5c62939805328de,0xdc4b9ecbfac2c8e98fe18b35c4578a3c64e34ddfe16b1cf8a98ab3ad9d06c088,"Will US or Israel strike Iran by February 28, 2026?",11310.086271999995,SELL,,5.0,0.043955025944550044,96.73740893253088,True,6132.738000000005,0.5422361821573918,fresh_wallet;large_first_position;realized_profit;informed_entry;early_timing,,,,
onchain,0.8,,1,0xa4bc3bbdac29e51c0c4f8485cd15e36d7478026c,0x60918e364dd0c217c3c1608993c2dfea7f1cbe66791670add299e4e104192993,Israel x Hamas ceasefire by October 10?,50007.14776399998,BUY,,5.0,0.21828255455503362,98.32036050798853,True,9328.465032999999,0.18654263340560961,fresh_wallet;large_first_position;realized_profit;informed_entry;early_timing,,,,
onchain,0.8,,1,0x832f66ba1df50ddf8423b94ec9dcdc36cc86ef80,0xa638577415195ac2ca0e8ab8befd45e3991612be6d2cf64e661abc6350c7900a,Yoon out as president of South Korea before April?,18904.670500000004,BUY,,5.0,0.5252005046907823,95.37110933758979,True,5455.66188,0.28858804389105847,fresh_wallet;large_first_position;realized_profit;informed_entry;early_timing,,,,
onchain,0.8,,1,0xdc26d7776929e9c84a3d9651e13260dece6f7e7d,0x70909f0ba8256a89c301da58812ae47203df54957a07c7f8b10235e877ad63c2,Khamenei out as Supreme Leader of Iran by March 31?,10314.670600000001,BUY,,5.0,0.5039782523825252,96.65494126236145,True,12117.249399999999,1.1747587363575136,fresh_wallet;large_first_position;realized_profit;informed_entry;early_timing,,,,
onchain,0.8,,1,0x042a1caf0b0d51d4fe5abc5d8832c2c9a5ffb153,0xeda6b1f61168ca6363e1cf8b60777197c5b6f88e5c2fcf3153cf9c2442943dfc,Thailand x Cambodia ceasefire by December 31?,17446.296532,BUY,,5.0,0.5404660543644111,99.68902709906709,True,5321.134995999998,0.30500083420226015,fresh_wallet;large_first_position;realized_profit;informed_entry;early_timing,,,,
onchain,0.8,,1,0x8a4c788f043023b8b28a762216d037e9f148532b,0x74f97b1c6caf682f5ef9ccd325b3344959bf8fd38fe565e5398ecfebb827b4c0,Will Biden announce resignation by July 31?,175966.92631700006,SELL,,5.0,0.12025702823799087,99.63971176941553,True,107309.53797299997,0.6098278819718911,fresh_wallet;large_first_position;realized_profit;informed_entry;early_timing,,,,
onchain,0.8,,1,0x4a9d6ac62b91b5161dc43858e77eead56db6d70b,0x70909f0ba8256a89c301da58812ae47203df54957a07c7f8b10235e877ad63c2,Khamenei out as Supreme Leader of Iran by March 31?,57009.48713700002,BUY,,5.0,0.756475309254909,99.29647574168713,True,15702.362770000009,0.27543420505196825,fresh_wallet;large_first_position;realized_profit;informed_entry;early_timing,,,,
onchain,0.8,,1,0x56b5aced8b60c4c0cfeb9215132a8eb5395cb0a2,0x80059ff4e694f878c0498f6f3a067ee7ca62dc2fc46251a4287b58355ce47bc5,US x Iran ceasefire by April 30?,195954.4406040001,BUY,,5.0,0.7429381036295714,99.82118294360384,True,78885.92897000001,0.40257280583612187,fresh_wallet;large_first_position;realized_profit;informed_entry;early_timing,,,,
onchain,0.8,,1,0xc88eb9ab98663254bff489c515f39f23b76bf3e1,0x6cc501fa617e3a46ececf6e3990fe1afeeaa6bc897d3c7049c005fd1bdc42c2f,Fed decreases interest rates by 50+ bps after September 2024 meeting?,16470.052537999996,BUY,,5.0,0.039286741453835844,96.22356495468279,True,18178.892265,1.103754357981393,fresh_wallet;large_first_position;realized_profit;informed_entry;early_timing,,,,
callout,0.75,T2,1,,,Will Axiom [related Polymarket contract] resolve YES?,1200000.0,YES,,,,,,,,tier=T2;n_sources=1,2024-01-01T00:00:00Z,2025-02-27T17:21:00Z,,https://www.bitget.com/amp/news/detail/12560605226286
onchain,0.75,,1,0xc20c3ccd49e06eda6c336539abc16714872be2bd,0x580adc1327de9bf7c179ef5aaffa3377bb5cb252b7d6390b027172d43fd6f993,"Maduro out by January 31, 2026?",58385.37369900001,BUY,,5.0,0.8867452547105423,98.61830742659758,True,-1516.8367350000008,-0.02597973839852258,fresh_wallet;single_market;large_first_position;informed_entry;early_timing,,,,
callout,0.75,T2,1,,,Will US forces conduct ground operations [in conflict referenced as 'the war'],27000.0,YES,NO,,,,,,,tier=T2;n_sources=1,2026-02-21T00:00:00Z,2026-03-14T00:00:00Z,,https://reddit.com/r/Polymarket/comments/1rp1sbc/a_fresh_wallet_just_bet_27000_on_us_forces/obojmdm/
callout,0.75,T2,1,,0x4edfcf9fd9889864290d34f1902ef51420989e5922b8208bf46bc0689ce6adbe,"Will OpenAI release a new large model before December 13, 2025?",13000.0,YES,YES,,,,,,,tier=T2;n_sources=1,2025-12-01T00:00:00Z,2025-12-11T00:00:00Z,,https://gizmodo.com/the-great-insider-trading-reckoning-reportedly-hits-openai-2000727838
onchain,0.75,,1,0xb8d279022705512b07013aef6027617b2be9fb31,0xf00886b051ccb78c519871e9c3a89a39121e0c2b28bf616171cf2a7a32a02002,Will Trump talk to Nicolás Maduro in November?,12550.0,,,5.0,1.0,98.03264964420259,True,0.0,0.0,fresh_wallet;single_market;large_first_position;informed_entry;early_timing,,,,
onchain,0.75,,1,0xbdf1c90b76e0d39b2aad75850f4dbc4d9e26e7f6,0xeda6b1f61168ca6363e1cf8b60777197c5b6f88e5c2fcf3153cf9c2442943dfc,Thailand x Cambodia ceasefire by December 31?,15202.976021999999,BUY,,5.0,1.0,99.46690359840072,True,6.874500968478969e-13,4.521812675709665e-17,fresh_wallet;single_market;large_first_position;informed_entry;early_timing,,,,
onchain,0.75,,1,0xc4de4e5d9906fbcb6f1d12a580be105d682e0da4,0x70909f0ba8256a89c301da58812ae47203df54957a07c7f8b10235e877ad63c2,Khamenei out as Supreme Leader of Iran by March 31?,13147.692199,BUY,,5.0,1.0,97.24563615849206,True,2421.170164999999,0.18415172247370917,fresh_wallet;single_market;large_first_position;informed_entry;early_timing,,,,
callout,0.75,T2,1,,,Kalshi market on a Survivor episode outcome (contestant-specific),,YES,YES,,,,,,,tier=T2;n_sources=1,2026-01-01T00:00:00Z,2026-03-30T23:59:59Z,,https://gamingamerica.com/news/reality-tv-betting-insider-trading-prediction-markets
onchain,0.75,,1,0xb9595b2028667634069de56043051af7eb27709e,0x70909f0ba8256a89c301da58812ae47203df54957a07c7f8b10235e877ad63c2,Khamenei out as Supreme Leader of Iran by March 31?,28547.86528499999,BUY,,5.0,1.0,98.56640339815492,True,-15468.027894999996,-0.541827829877263,fresh_wallet;single_market;large_first_position;informed_entry;early_timing,,,,
onchain,0.75,,1,0xb8a1517b8527173f67865a4d14719a40c6a7d6be,0xdc4b9ecbfac2c8e98fe18b35c4578a3c64e34ddfe16b1cf8a98ab3ad9d06c088,"Will US or Israel strike Iran by February 28, 2026?",25420.668915000013,BUY,,5.0,1.0,98.38454228698131,True,-9.112710586123285e-13,-3.5847642784671704e-17,fresh_wallet;single_market;large_first_position;informed_entry;early_timing,,,,
onchain,0.75,,1,0xc8a9cbdcb696299792824a3521699a10754e379a,0x70909f0ba8256a89c301da58812ae47203df54957a07c7f8b10235e877ad63c2,Khamenei out as Supreme Leader of Iran by March 31?,14333.442149999999,BUY,,5.0,1.0,97.45802084024689,True,-5707.455599999999,-0.39819155372947174,fresh_wallet;single_market;large_first_position;informed_entry;early_timing,,,,
onchain,0.75,,1,0xfe24dcd51eff61b0c1acf1c256c67c6601e5cc8b,0x70909f0ba8256a89c301da58812ae47203df54957a07c7f8b10235e877ad63c2,Khamenei out as Supreme Leader of Iran by March 31?,20054.935199000003,BUY,,5.0,1.0,98.10181190681621,True,4088.804932999999,0.20388023658156115,fresh_wallet;single_market;large_first_position;informed_entry;early_timing,,,,
onchain,0.75,,1,0xe8f6430eb2869b53f4d743de16f9f4eb68c71905,0x8f48b7a8bca71c288587bc51c7ee67479422e90bdcbe868790215cec7887c468,"Will the US next strike Iran on February 28, 2026 (ET)?",22216.334852000004,BUY,,5.0,0.8276959767392617,97.41379310344827,True,-1.0906830993917538e-12,-4.909374596024178e-17,fresh_wallet;single_market;large_first_position;informed_entry;early_timing,,,,
onchain,0.75,,1,0xebb4cf737b1911a0af178aff1d53a54f462b5505,0xa638577415195ac2ca0e8ab8befd45e3991612be6d2cf64e661abc6350c7900a,Yoon out as president of South Korea before April?,17184.924309,BUY,,5.0,1.0,95.07847831870178,True,2390.1493990000004,0.13908408067577252,fresh_wallet;single_market;large_first_position;informed_entry;early_timing,,,,
onchain,0.75,,1,0xefaf0cc43dd5970e01485217d1dabe5158d76289,0x9bf7b961691a074e9887886fad15acca0f783af1c0207671a5a5af014d2e3283,"Will the US not strike Iran by February 28, 2026?",31640.62525999999,BUY,,5.0,1.0,99.17995444191344,True,-3.552713678800501e-13,-1.1228329559251263e-17,fresh_wallet;single_market;large_first_position;informed_entry;early_timing,,,,
onchain,0.75,,1,0xe07a4a3c177f8e81f990ce5a843b5fba36146adb,0x60918e364dd0c217c3c1608993c2dfea7f1cbe66791670add299e4e104192993,Israel x Hamas ceasefire by October 10?,39653.827108000005,BUY,,5.0,1.0,97.95165915608356,True,-1315.2964110000066,-0.0331694695550496,fresh_wallet;single_market;large_first_position;informed_entry;early_timing,,,,
onchain,0.75,,1,0xdf9d8afdf126acc7c23926a3677d606e1579f7e5,0xeda6b1f61168ca6363e1cf8b60777197c5b6f88e5c2fcf3153cf9c2442943dfc,Thailand x Cambodia ceasefire by December 31?,13806.840892999993,BUY,,5.0,1.0,99.37805419813415,True,2924.354885,0.21180477907025314,fresh_wallet;single_market;large_first_position;informed_entry;early_timing,,,,
onchain,0.75,,1,0xddce519c698ac75e9ce9db92c2bd8fca9965d50b,0x80059ff4e694f878c0498f6f3a067ee7ca62dc2fc46251a4287b58355ce47bc5,US x Iran ceasefire by April 30?,20660.336706000006,BUY,,5.0,1.0,97.52407152682255,True,1.1191048088221578e-13,5.416682335565018e-18,fresh_wallet;single_market;large_first_position;informed_entry;early_timing,,,,
onchain,0.75,,1,0xdbddb8bc3d3dca058a8b19c539effab1363c7417,0x580adc1327de9bf7c179ef5aaffa3377bb5cb252b7d6390b027172d43fd6f993,"Maduro out by January 31, 2026?",10228.125,BUY,,5.0,1.0,94.61715601611975,True,0.0,0.0,fresh_wallet;single_market;large_first_position;informed_entry;early_timing,,,,
onchain,0.75,,1,0xd9bf7b3d5381d1ea53dcf2d76e45b3fb7c84a964,0x6cc501fa617e3a46ececf6e3990fe1afeeaa6bc897d3c7049c005fd1bdc42c2f,Fed decreases interest rates by 50+ bps after September 2024 meeting?,88582.19898100002,BUY,,5.0,0.9937894748177609,99.06344410876133,True,-15196.587356,-0.17155351222720847,fresh_wallet;single_market;large_first_position;informed_entry;early_timing,,,,
onchain,0.75,,1,0xd9adcbd32369f4335885d6b8ffafdd2522a3a55c,0xa9937410f8aae98cc6440a7480ad832be5a1a998afcf5a6e77c6f5aa4c0f259f,US x Iran ceasefire by May 31?,14223.758188,BUY,,5.0,1.0,96.3878855237566,True,-4193.803787999999,-0.29484498629470085,fresh_wallet;single_market;large_first_position;informed_entry;early_timing,,,,
onchain,0.75,,1,0xd9875d4a0573dd3890738aab990938a53c360041,0x4c5701bcde0b8fb7d7f48c8e9d20245a6caa58c61a77f981fad98f2bfa0b1bc7,US x Iran ceasefire by April 7?,55798.579600000005,BUY,,5.0,1.0,99.72602739726028,True,3.169020601490047e-12,5.679392959834495e-17,fresh_wallet;single_market;large_first_position;informed_entry;early_timing,,,,
onchain,0.75,,1,0xf6b059cc73941811b2420dab74b28bcc586e1d56,0xa638577415195ac2ca0e8ab8befd45e3991612be6d2cf64e661abc6350c7900a,Yoon out as president of South Korea before April?,18254.887165999993,BUY,,5.0,1.0,95.26469805799415,True,-6.821210263296962e-13,-3.736648822459758e-17,fresh_wallet;single_market;large_first_position;informed_entry;early_timing,,,,
onchain,0.75,,1,0xd78c9bba3d8a8c566cfc7a09e24c8b450470bbd5,0x68ff092a4ea332946bc7ca59efc2b2a56bb702fd0d85d02ba883d29d7fdc5f2e,South Korean President impeached in 2024?,50548.801472,BUY,,5.0,1.0,99.50264221324215,True,-170.4790999999978,-0.0033725646313183034,fresh_wallet;single_market;large_first_position;informed_entry;early_timing,,,,
onchain,0.75,,1,0xfa034dc4ddbe90c9e31e30cab3a9a6fbd5a599c0,0x6cc501fa617e3a46ececf6e3990fe1afeeaa6bc897d3c7049c005fd1bdc42c2f,Fed decreases interest rates by 50+ bps after September 2024 meeting?,24108.911785999986,SELL,,5.0,0.9646974820828262,97.22054380664653,True,-1903.5041219999998,-0.07895437748896499,fresh_wallet;single_market;large_first_position;informed_entry;early_timing,,,,
onchain,0.75,,1,0xd3c7e41e8c233f18b4c032ad5a707b66ce28d9f6,0x6cc501fa617e3a46ececf6e3990fe1afeeaa6bc897d3c7049c005fd1bdc42c2f,Fed decreases interest rates by 50+ bps after September 2024 meeting?,38729.2316,BUY,,5.0,1.0,97.91540785498489,True,0.0,0.0,fresh_wallet;single_market;large_first_position;informed_entry;early_timing,,,,
onchain,0.75,,1,0xe85b9286e05a8942e6d84d2d8217a8b23d406d4b,0x07a49f044960fb16a4bb3ef0fb97ea3427092f4f860f6fbff74b829af7d64aa2,Israel x Hamas ceasefire by July 15?,15904.987034999991,BUY,,5.0,1.0,98.28282828282828,True,-704.4811829999999,-0.04429310011065974,fresh_wallet;single_market;large_first_position;informed_entry;early_timing,,,,
onchain,0.75,,1,0xd03a08b3ac64f598c6b589318ff2d8cedbe2b91d,0x6b24a578e8644f45e49130da20267e466163dc35fee34dd23357a68530d34381,Yoon out as president of South Korea before May?,191382.6386639999,BUY,,5.0,1.0,98.01724137931035,True,-29406.862004,-0.1536548048939174,fresh_wallet;single_market;large_first_position;informed_entry;early_timing,,,,
onchain,0.75,,1,0xcc93996c951ae7e268d95c6ffdb43dfead5b3455,0x68ff092a4ea332946bc7ca59efc2b2a56bb702fd0d85d02ba883d29d7fdc5f2e,South Korean President impeached in 2024?,22356.715452000004,SELL,,5.0,1.0,98.41467205470936,True,-36.82399900000059,-0.0016471113155714634,fresh_wallet;single_market;large_first_position;informed_entry;early_timing,,,,
onchain,0.75,,1,0xca7292ba490f92007f7d068167c589d9a65030cd,0x80059ff4e694f878c0498f6f3a067ee7ca62dc2fc46251a4287b58355ce47bc5,US x Iran ceasefire by April 30?,15569.511999,BUY,,5.0,1.0,96.75378266850069,True,-4213.734067000002,-0.2706400860393468,fresh_wallet;single_market;large_first_position;informed_entry;early_timing,,,,
onchain,0.75,,1,0xc99ed1ad121aa4e1bbd618c01bfc6518ce9843ea,0xdc4b9ecbfac2c8e98fe18b35c4578a3c64e34ddfe16b1cf8a98ab3ad9d06c088,"Will US or Israel strike Iran by February 28, 2026?",20197.377819999994,BUY,,5.0,0.9950732552799805,97.97275894836869,True,1.6626700016786344e-12,8.232108229575293e-17,fresh_wallet;single_market;large_first_position;informed_entry;early_timing,,,,
onchain,0.75,,1,0xc98ae5013fb30666cc0d583be9f6165e85a408ba,0x68ff092a4ea332946bc7ca59efc2b2a56bb702fd0d85d02ba883d29d7fdc5f2e,South Korean President impeached in 2024?,15112.072251,BUY,,5.0,1.0,97.38887161952128,True,-9.379164112033322e-13,-6.206405022588932e-17,fresh_wallet;single_market;large_first_position;informed_entry;early_timing,,,,
onchain,0.75,,1,0xfbfeecde3f97493c563340861450287aecc00845,0xacac1a4b66459802a709b2f2eeed96fed8f8982a6fa6a782c3bc29556cc5b5a0,Israel x Hamas ceasefire by October 31?,23137.903553000007,BUY,,5.0,1.0,98.05469410769665,True,-4.263256414560601e-14,-1.842542218570116e-18,fresh_wallet;single_market;large_first_position;informed_entry;early_timing,,,,
onchain,0.75,,1,0xd3383f8850f852a8170c97db885a56af5cf35687,0x0c8ad9a71972fd2983a76a4243f3719e4b5bb0d82cc92eb01c7ee6617fb2c970,Will MicroStrategy purchase Bitcoin July 1-7?,81696.03209999997,BUY,,5.0,1.0,99.96538195245788,True,-1025.6479000000031,-0.012554439593156245,fresh_wallet;single_market;large_first_position;informed_entry;early_timing,,,,
onchain,0.75,,1,0x9dff5b7f8eeb86db697854d5dedcfd5167e42a13,0x6cc501fa617e3a46ececf6e3990fe1afeeaa6bc897d3c7049c005fd1bdc42c2f,Fed decreases interest rates by 50+ bps after September 2024 meeting?,40842.389994,SELL,,5.0,0.9488434639124143,98.12688821752266,True,-23176.739451999994,-0.5674677572836654,fresh_wallet;single_market;large_first_position;informed_entry;early_timing,,,,
onchain,0.75,,1,0xb2bd02c87d0db0146209f741e9d2d76b2d82db64,0x80059ff4e694f878c0498f6f3a067ee7ca62dc2fc46251a4287b58355ce47bc5,US x Iran ceasefire by April 30?,60558.72953400001,BUY,,5.0,0.9582162434104669,99.09215955983494,True,3.979039320256561e-13,6.570546229875207e-18,fresh_wallet;single_market;large_first_position;informed_entry;early_timing,,,,
onchain,0.75,,1,0x20a1c55b52e37623b4f90ec7a406bcf667d4a7bd,0xf00886b051ccb78c519871e9c3a89a39121e0c2b28bf616171cf2a7a32a02002,Will Trump talk to Nicolás Maduro in November?,10542.0,,,5.0,1.0,97.6559229803265,True,0.0,0.0,fresh_wallet;single_market;large_first_position;informed_entry;early_timing,,,,
onchain,0.75,,1,0x2d3128beb76d1f63c692833cb640a1e7a8258ae2,0x7335d810ba87e5d838db35d44bbe6e79e8a6624085cfaad533b82a0ae37c4bc3,"Will Robinhood say ""Summit"" during earnings call?",232020.1510999999,SELL,,5.0,1.0,98.57142857142858,True,-285.9509000000059,-0.0012324399352570115,fresh_wallet;single_market;large_first_position;informed_entry;early_timing,,,,
onchain,0.75,,1,0x2ef7eb70ccf721bc11fb0fed0a5931bdbb261dbd,0x70909f0ba8256a89c301da58812ae47203df54957a07c7f8b10235e877ad63c2,Khamenei out as Supreme Leader of Iran by March 31?,15002.499660000005,BUY,,5.0,1.0,97.60403530895334,True,-5002.4996599999995,-0.333444410822936,fresh_wallet;single_market;large_first_position;informed_entry;early_timing,,,,
onchain,0.75,,1,0x31b9e7ae572e842dc4f34c48d8bb81f7fd35a8ec,0x6b24a578e8644f45e49130da20267e466163dc35fee34dd23357a68530d34381,Yoon out as president of South Korea before May?,31059.102,SELL,,5.0,1.0,92.67241379310344,True,7.815970093361102e-13,2.5164829599262408e-17,fresh_wallet;single_market;large_first_position;informed_entry;early_timing,,,,
onchain,0.75,,1,0x320111b50e1c1b1174031939bd87771fefae6634,0x80059ff4e694f878c0498f6f3a067ee7ca62dc2fc46251a4287b58355ce47bc5,US x Iran ceasefire by April 30?,16870.380000000005,SELL,,5.0,1.0,97.04264099037138,True,0.0,0.0,fresh_wallet;single_market;large_first_position;informed_entry;early_timing,,,,
onchain,0.75,,1,0x36c0162bac370fa924abf2acac989a73f0325930,0x2e94bb8dd09931d12e6e656fe4fe6ceb3922bc3d6eab864bb6cd24773cf67269,Khamenei out as Supreme Leader of Iran by June 30?,20109.739708999994,,,5.0,0.9986145347516804,98.72102318145484,True,-555.2064000000001,-0.027608830747397534,fresh_wallet;single_market;large_first_position;informed_entry;early_timing,,,,
onchain,0.75,,1,0x3a006d17ef9786096b177ea3e42eee09ee10159d,0x70909f0ba8256a89c301da58812ae47203df54957a07c7f8b10235e877ad63c2,Khamenei out as Supreme Leader of Iran by March 31?,11282.982603,BUY,,5.0,0.8884239361371136,96.8540519015066,True,-6552.468509,-0.5807390421091124,fresh_wallet;single_market;large_first_position;informed_entry;early_timing,,,,
onchain,0.75,,1,0x3a942d24c5477230f5b8a4ff15066c9dbb3237f3,0x9bf7b961691a074e9887886fad15acca0f783af1c0207671a5a5af014d2e3283,"Will the US not strike Iran by February 28, 2026?",31616.075196,BUY,,5.0,1.0,99.13439635535308,True,3.922195901395753e-12,1.2405701457504064e-16,fresh_wallet;single_market;large_first_position;informed_entry;early_timing,,,,
onchain,0.75,,1,0x3abe37c8895bf26a22e5c2b458920af4cdf0f97a,0x7335d810ba87e5d838db35d44bbe6e79e8a6624085cfaad533b82a0ae37c4bc3,"Will Robinhood say ""Summit"" during earnings call?",74489.1008,SELL,,5.0,1.0,95.71428571428572,True,-87.3964000000002,-0.0011732776884319726,fresh_wallet;single_market;large_first_position;informed_entry;early_timing,,,,
onchain,0.75,,1,0x3baa05aa7758ffac6fa9206fc68e4ed2d7e9558e,0x6cc501fa617e3a46ececf6e3990fe1afeeaa6bc897d3c7049c005fd1bdc42c2f,Fed decreases interest rates by 50+ bps after September 2024 meeting?,14081.273000000003,BUY,,5.0,1.0,95.61933534743203,True,4.547473508864641e-13,3.2294477273927155e-17,fresh_wallet;single_market;large_first_position;informed_entry;early_timing,,,,
onchain,0.75,,1,0x3eba55f41f4064bc4b070d06a00fec7c2dd5849a,0x580adc1327de9bf7c179ef5aaffa3377bb5cb252b7d6390b027172d43fd6f993,"Maduro out by January 31, 2026?",99468.8855,BUY,,5.0,1.0,99.25158318940703,True,12271.774500000007,0.12337299687549035,fresh_wallet;single_market;large_first_position;informed_entry;early_timing,,,,
onchain,0.75,,1,0x411a62a1beb3a9d0bf0beef7223a655626267c73,0x68ff092a4ea332946bc7ca59efc2b2a56bb702fd0d85d02ba883d29d7fdc5f2e,South Korean President impeached in 2024?,13985.841199999999,BUY,,5.0,1.0,97.2023624494871,True,7.105427357601002e-13,5.0804433254976486e-17,fresh_wallet;single_market;large_first_position;informed_entry;early_timing,,,,
onchain,0.75,,1,0x418b4070bd7f4c9e741bd7dfe06b1c72ef01b774,0x80059ff4e694f878c0498f6f3a067ee7ca62dc2fc46251a4287b58355ce47bc5,US x Iran ceasefire by April 30?,61533.294925999995,BUY,,5.0,1.0,99.11966987620357,True,-1.5916157281026244e-12,-2.586592721902351e-17,fresh_wallet;single_market;large_first_position;informed_entry;early_timing,,,,
onchain,0.75,,1,0x42aeca9fa4dfc7a0dd04d438e8c009b85004bd84,0x8f48b7a8bca71c288587bc51c7ee67479422e90bdcbe868790215cec7887c468,"Will the US next strike Iran on February 28, 2026 (ET)?",16956.768889999996,BUY,,5.0,1.0,96.73913043478261,True,-1.1013412404281553e-13,-6.494994698416011e-18,fresh_wallet;single_market;large_first_position;informed_entry;early_timing,,,,
onchain,0.75,,1,0x448fbd427a06efd888843452cd23b9343a3f6037,0x6b24a578e8644f45e49130da20267e466163dc35fee34dd23357a68530d34381,Yoon out as president of South Korea before May?,38641.835426,BUY,,5.0,0.8591906771823615,93.5632183908046,True,-6751.708761,-0.174725364014597,fresh_wallet;single_market;large_first_position;informed_entry;early_timing,,,,
onchain,0.75,,1,0xb1d1fc4a5dacc36e102e936e15303a6ee1791e37,0x6cc501fa617e3a46ececf6e3990fe1afeeaa6bc897d3c7049c005fd1bdc42c2f,Fed decreases interest rates by 50+ bps after September 2024 meeting?,13620.896778,BUY,,5.0,0.9970719345406066,95.52870090634441,True,-6.750155989720952e-14,-4.955735367309713e-18,fresh_wallet;single_market;large_first_position;informed_entry;early_timing,,,,
onchain,0.75,,1,0x486a41d5fb22707e62cc020f121a3372271e70fc,0x80059ff4e694f878c0498f6f3a067ee7ca62dc2fc46251a4287b58355ce47bc5,US x Iran ceasefire by April 30?,16694.693816999996,BUY,,5.0,0.8214735552270777,96.98762035763411,True,-1.3233858453531866e-13,-7.926984824397315e-18,fresh_wallet;single_market;large_first_position;informed_entry;early_timing,,,,
onchain,0.75,,1,0x4a15f5a56d6dacb2b27efc81b27650524be75e14,0x3725dfa6b17797bd51879ecc3893142bf058be6c9e81bfd72f309060bb387f85,"Will US or Israel strike Iran by March 31, 2026?",17919.1921,,,5.0,1.0,98.71987951807229,True,-140.06209999999965,-0.007816317790353933,fresh_wallet;single_market;large_first_position;informed_entry;early_timing,,,,
onchain,0.75,,1,0x2370bd3107d7b5bd55e04a991c613447dc4571cb,0xdc4b9ecbfac2c8e98fe18b35c4578a3c64e34ddfe16b1cf8a98ab3ad9d06c088,"Will US or Israel strike Iran by February 28, 2026?",199253.30645800012,BUY,,5.0,0.9911606894255208,99.77827050997783,True,21798.195804999985,0.10939941822041857,fresh_wallet;single_market;large_first_position;informed_entry;early_timing,,,,
onchain,0.75,,1,0x208e7d17e83f757e68bc0d0aecfca9d67c3ebcb3,0x0c8ad9a71972fd2983a76a4243f3719e4b5bb0d82cc92eb01c7ee6617fb2c970,Will MicroStrategy purchase Bitcoin July 1-7?,27018.67110000001,SELL,,5.0,1.0,99.87306715901224,True,2850.2635,0.10549236450048792,fresh_wallet;single_market;large_first_position;informed_entry;early_timing,,,,
onchain,0.75,,1,0x4bf806b2bd0be34f671a1ace5fad7c65a13b7519,0x68ff092a4ea332946bc7ca59efc2b2a56bb702fd0d85d02ba883d29d7fdc5f2e,South Korean President impeached in 2024?,43250.765548000025,BUY,,5.0,1.0,99.44047248989743,True,1003.680498,0.023206074743026404,fresh_wallet;single_market;large_first_position;informed_entry;early_timing,,,,
onchain,0.75,,1,0x207cf41c9a9b1edbfee1958a61039d2ac31393a8,0x80059ff4e694f878c0498f6f3a067ee7ca62dc2fc46251a4287b58355ce47bc5,US x Iran ceasefire by April 30?,63216.124965,BUY,,5.0,0.9599684633689917,99.18844566712517,True,17.999999999995076,0.00028473747813490447,fresh_wallet;single_market;large_first_position;informed_entry;early_timing,,,,
onchain,0.75,,1,0x025ed81a21b5a4f98a34bf277b27e66e00240420,0x6cc501fa617e3a46ececf6e3990fe1afeeaa6bc897d3c7049c005fd1bdc42c2f,Fed decreases interest rates by 50+ bps after September 2024 meeting?,37180.01281200001,BUY,,5.0,0.8201341342422946,97.76435045317221,True,1455.9247700000003,0.03915880226727879,fresh_wallet;single_market;large_first_position;informed_entry;early_timing,,,,
onchain,0.75,,1,0x04902c7046da0f93f29d070b00f9366a165ac81f,0x68ff092a4ea332946bc7ca59efc2b2a56bb702fd0d85d02ba883d29d7fdc5f2e,South Korean President impeached in 2024?,56400.733539,SELL,,5.0,0.8456961468153318,99.59589679825925,True,2731.250647000001,0.048425800084876465,fresh_wallet;single_market;large_first_position;informed_entry;early_timing,,,,
onchain,0.75,,1,0x08d6e2b50ad71787367f5a6e2123ef6547499b3e,0xdc4b9ecbfac2c8e98fe18b35c4578a3c64e34ddfe16b1cf8a98ab3ad9d06c088,"Will US or Israel strike Iran by February 28, 2026?",10443.856800000001,BUY,,5.0,1.0,96.51567944250871,True,300.9432000000006,0.028815331899227168,fresh_wallet;single_market;large_first_position;informed_entry;early_timing,,,,
onchain,0.75,,1,0x09d3273fa76282ce09f4f35a87d6f087c05f4e84,0xdc4b9ecbfac2c8e98fe18b35c4578a3c64e34ddfe16b1cf8a98ab3ad9d06c088,"Will US or Israel strike Iran by February 28, 2026?",12860.0,BUY,,5.0,1.0,96.9908140639848,True,0.0,0.0,fresh_wallet;single_market;large_first_position;informed_entry;early_timing,,,,
onchain,0.75,,1,0x0be6c9b682c4a998cd5cb103cf588cd19c6b3fed,0x6cc501fa617e3a46ececf6e3990fe1afeeaa6bc897d3c7049c005fd1bdc42c2f,Fed decreases interest rates by 50+ bps after September 2024 meeting?,45758.124852,BUY,,5.0,1.0,98.27794561933536,True,-9025.085245,-0.1972345954776495,fresh_wallet;single_market;large_first_position;informed_entry;early_timing,,,,
onchain,0.75,,1,0x0c8bc7db08d5fa2ceedb919c6a2d6ab60b7823de,0x2e94bb8dd09931d12e6e656fe4fe6ceb3922bc3d6eab864bb6cd24773cf67269,Khamenei out as Supreme Leader of Iran by June 30?,16877.482925,BUY,,5.0,1.0,98.53450572875033,True,122.33319600000002,0.007248308088571211,fresh_wallet;single_market;large_first_position;informed_entry;early_timing,,,,
onchain,0.75,,1,0x0d92bbd776684281d6f026b919594ecb81f7453f,0x0c8ad9a71972fd2983a76a4243f3719e4b5bb0d82cc92eb01c7ee6617fb2c970,Will MicroStrategy purchase Bitcoin July 1-7?,17891.9725,SELL,,5.0,1.0,99.75767366720517,True,585.5525000000002,0.032727107086711664,fresh_wallet;single_market;large_first_position;informed_entry;early_timing,,,,
onchain,0.75,,1,0x0de858ca7d315484c21d2ff0389e29a047364069,0xacac1a4b66459802a709b2f2eeed96fed8f8982a6fa6a782c3bc29556cc5b5a0,Israel x Hamas ceasefire by October 31?,12097.565198,BUY,,5.0,1.0,96.70143783478996,True,-7.958078640513122e-13,-6.578248193139535e-17,fresh_wallet;single_market;large_first_position;informed_entry;early_timing,,,,
onchain,0.75,,1,0x0ebab0e4e4932c4848c0dc3a22d05b54b7d59993,0x80059ff4e694f878c0498f6f3a067ee7ca62dc2fc46251a4287b58355ce47bc5,US x Iran ceasefire by April 30?,14721.937415000006,BUY,,5.0,0.8803966340523467,96.64374140302614,True,-2079.9943669999993,-0.1412853694705099,fresh_wallet;single_market;large_first_position;informed_entry;early_timing,,,,
onchain,0.75,,1,0x1057e7d3ddafc60a4aeb10a2bc5b543792449ea5,0x70909f0ba8256a89c301da58812ae47203df54957a07c7f8b10235e877ad63c2,Khamenei out as Supreme Leader of Iran by March 31?,10027.316260000001,BUY,,5.0,0.8837744798316572,96.52883785756953,True,-9841.056260000001,-0.9814247406613661,fresh_wallet;single_market;large_first_position;informed_entry;early_timing,,,,
onchain,0.75,,1,0x12b39db345626c764d9f4574cf51b8665afbfa72,0x70909f0ba8256a89c301da58812ae47203df54957a07c7f8b10235e877ad63c2,Khamenei out as Supreme Leader of Iran by March 31?,11655.870445999997,BUY,,5.0,1.0,96.96024424238402,True,-9688.740445999998,-0.8312326814961238,fresh_wallet;single_market;large_first_position;informed_entry;early_timing,,,,
onchain,0.75,,1,0x1422b1d28de71b2ed44dda5899214557fc4d803f,0x7335d810ba87e5d838db35d44bbe6e79e8a6624085cfaad533b82a0ae37c4bc3,"Will Robinhood say ""Summit"" during earnings call?",55145.00670000003,SELL,,5.0,1.0,94.28571428571428,True,417.0792999999999,0.0075633194183653924,fresh_wallet;single_market;large_first_position;informed_entry;early_timing,,,,
onchain,0.75,,1,0x175d2cb914dd988833aec76b8c9a95c727053843,0x0c8ad9a71972fd2983a76a4243f3719e4b5bb0d82cc92eb01c7ee6617fb2c970,Will MicroStrategy purchase Bitcoin July 1-7?,12024.403303,BUY,,5.0,1.0,99.57304408031386,True,96.03139899999996,0.007986375421725986,fresh_wallet;single_market;large_first_position;informed_entry;early_timing,,,,
onchain,0.75,,1,0x1a2e646ae5e2a95665cc6ec0c2db4fdeab65dd00,0x02ecadc1573b897e74b1150db0099005a678f863bc8cab793410e8eb9e962ad8,Will GPT-5 be released by August 10?,37796.026915999995,BUY,,5.0,1.0,98.51351351351352,True,878.4091960000023,0.023240781311544414,fresh_wallet;single_market;large_first_position;informed_entry;early_timing,,,,
onchain,0.75,,1,0x1ca31f490c514696a36871dfca9bb529b886570f,0x68ff092a4ea332946bc7ca59efc2b2a56bb702fd0d85d02ba883d29d7fdc5f2e,South Korean President impeached in 2024?,11559.534900000002,BUY,,5.0,1.0,96.61175007771216,True,3999.5933999999993,0.34599950902868926,fresh_wallet;single_market;large_first_position;informed_entry;early_timing,,,,
onchain,0.75,,1,0x1f24a30b800c94c3adbe1ba0403687fe0579f5d6,0x0c8ad9a71972fd2983a76a4243f3719e4b5bb0d82cc92eb01c7ee6617fb2c970,Will MicroStrategy purchase Bitcoin July 1-7?,57581.030000000006,,,5.0,1.0,99.91922455573506,True,-15.46,-0.0002684912027450707,fresh_wallet;single_market;large_first_position;informed_entry;early_timing,,,,
onchain,0.75,,1,0x2033b38574590081bf87596147dd85017e043863,0x6cc501fa617e3a46ececf6e3990fe1afeeaa6bc897d3c7049c005fd1bdc42c2f,Fed decreases interest rates by 50+ bps after September 2024 meeting?,38836.955798,BUY,,5.0,0.9652415133827701,97.94561933534743,True,4906.424214999999,0.12633390321629345,fresh_wallet;single_market;large_first_position;informed_entry;early_timing,,,,
onchain,0.75,,1,0x4a9a9c28e929d354d5350a7f928893950a9681d5,0x6cc501fa617e3a46ececf6e3990fe1afeeaa6bc897d3c7049c005fd1bdc42c2f,Fed decreases interest rates by 50+ bps after September 2024 meeting?,37216.26121399999,BUY,,5.0,0.9872137904230288,97.79456193353474,True,-8468.675887999998,-0.22755310747911067,fresh_wallet;single_market;large_first_position;informed_entry;early_timing,,,,
onchain,0.75,,1,0x459ce1c229e40c58fee5d6ffc541da2f95667ebc,0xe4a26232df48ae87f853f4ae784a69040e7008816e41dac0944ebfd4c81601df,,35898.55176299999,BUY,,5.0,1.0,99.92418498862776,True,4041.7471970000006,0.11258802927993766,fresh_wallet;single_market;large_first_position;informed_entry;early_timing,,,,
onchain,0.75,,1,0x566a678a940dabd8a6b4a9c65d8e55a9a1e50d19,0xdc4b9ecbfac2c8e98fe18b35c4578a3c64e34ddfe16b1cf8a98ab3ad9d06c088,"Will US or Israel strike Iran by February 28, 2026?",13129.490300000001,SELL,,5.0,1.0,97.11751662971176,True,-1.4352963262354024e-12,-1.0931851072965127e-16,fresh_wallet;single_market;large_first_position;informed_entry;early_timing,,,,
onchain,0.75,,1,0x9ebcbf6690a10e1858df3e87b4f9d855f92bad77,0x8fbfd38766cc418ffd335752fb2c4214cbd53f7940f3eb859e2272dc7d2a5ade,Israel x Hamas ceasefire by January 31?,12247.402751999998,BUY,,5.0,1.0,97.96269023073147,True,-2755.0931129999994,-0.22495325488909013,fresh_wallet;single_market;large_first_position;informed_entry;early_timing,,,,
onchain,0.75,,1,0x9136fa7c6653e3ba0e04b801d86190b1dda4b873,0x9bf7b961691a074e9887886fad15acca0f783af1c0207671a5a5af014d2e3283,"Will the US not strike Iran by February 28, 2026?",41075.837378999975,BUY,,5.0,1.0,99.27107061503418,True,9.663381206337363e-13,2.3525707138176974e-17,fresh_wallet;single_market;large_first_position;informed_entry;early_timing,,,,
onchain,0.75,,1,0x93e6c5609f2babef7f581324608dac69d8da4fa4,0x70909f0ba8256a89c301da58812ae47203df54957a07c7f8b10235e877ad63c2,Khamenei out as Supreme Leader of Iran by March 31?,69270.17165500003,BUY,,5.0,0.9980225141292272,99.3960310612597,True,8565.874394000002,0.12365891680855542,fresh_wallet;single_market;large_first_position;informed_entry;early_timing,,,,
onchain,0.75,,1,0x56aba5026bf574aea25d731cb6b7d8a8c325784e,0x80059ff4e694f878c0498f6f3a067ee7ca62dc2fc46251a4287b58355ce47bc5,US x Iran ceasefire by April 30?,18329.046400000003,SELL,,5.0,1.0,97.23521320495185,True,-2.2737367544323206e-13,-1.2405101197366821e-17,fresh_wallet;single_market;large_first_position;informed_entry;early_timing,,,,
onchain,0.75,,1,0x95e57e836cfadc714f8e517df32d9040a28e0920,0x21c3ebd6f0d85a9a78c851ef4485d967d91e890093f5474eb675324c7595a124,Israel x Hamas ceasefire by October 17?,15503.575617,BUY,,5.0,1.0,97.60479041916167,True,-1.1368683772161603e-12,-7.332943091976538e-17,fresh_wallet;single_market;large_first_position;informed_entry;early_timing,,,,
onchain,0.75,,1,0x962c3a66dd4ce862da1d3b5f83e8620652fef969,0x6cc501fa617e3a46ececf6e3990fe1afeeaa6bc897d3c7049c005fd1bdc42c2f,Fed decreases interest rates by 50+ bps after September 2024 meeting?,20358.334736999994,BUY,,5.0,0.9718369546494109,96.76737160120847,True,-20346.624737,-0.9994248056065846,fresh_wallet;single_market;large_first_position;informed_entry;early_timing,,,,
onchain,0.75,,1,0x97111a3b5373528839c9973d34e16e72d31a3fa1,0x8fbfd38766cc418ffd335752fb2c4214cbd53f7940f3eb859e2272dc7d2a5ade,Israel x Hamas ceasefire by January 31?,16040.4414,SELL,,5.0,0.9092066909858167,98.23269513991163,True,4.547473508864641e-13,2.8350052192857e-17,fresh_wallet;single_market;large_first_position;informed_entry;early_timing,,,,
onchain,0.75,,1,0x9ba20683746c7f6a49f5644634ce893643ceaf9c,0xf00886b051ccb78c519871e9c3a89a39121e0c2b28bf616171cf2a7a32a02002,Will Trump talk to Nicolás Maduro in November?,12540.0,,,5.0,1.0,97.99079112599414,True,0.0,0.0,fresh_wallet;single_market;large_first_position;informed_entry;early_timing,,,,
onchain,0.75,,1,0x9d5697f60c023d161603d8884b60aae8c24aa170,0x6cc501fa617e3a46ececf6e3990fe1afeeaa6bc897d3c7049c005fd1bdc42c2f,Fed decreases interest rates by 50+ bps after September 2024 meeting?,12744.475392999999,BUY,,5.0,1.0,95.31722054380664,True,3290.5706089999912,0.2581958462415301,fresh_wallet;single_market;large_first_position;informed_entry;early_timing,,,,
onchain,0.75,,1,0x9f5620469af32b5d21e7298dcf2a415df5e45cd2,0x7335d810ba87e5d838db35d44bbe6e79e8a6624085cfaad533b82a0ae37c4bc3,"Will Robinhood say ""Summit"" during earnings call?",766152.0444000022,SELL,,5.0,1.0,100.0,True,714.3667999999936,0.000932408658596528,fresh_wallet;single_market;large_first_position;informed_entry;early_timing,,,,
onchain,0.75,,1,0x90512f30c7f02c38a9621a88d18b464d8e163d73,0xa638577415195ac2ca0e8ab8befd45e3991612be6d2cf64e661abc6350c7900a,Yoon out as president of South Korea before April?,112259.919755,BUY,,5.0,0.8507461795106479,99.25512104283054,True,-7492.333777000005,-0.06674095076276144,fresh_wallet;single_market;large_first_position;informed_entry;early_timing,,,,
onchain,0.75,,1,0x9ff5d107a8e8b728ff40793ad769dc58e4f15155,0xacac1a4b66459802a709b2f2eeed96fed8f8982a6fa6a782c3bc29556cc5b5a0,Israel x Hamas ceasefire by October 31?,13678.989,BUY,,5.0,1.0,97.0961375810544,True,4.547473508864641e-13,3.3244222280350115e-17,fresh_wallet;single_market;large_first_position;informed_entry;early_timing,,,,
onchain,0.75,,1,0xa2ffc55eba11c7f0406cdbb29b25372c9bcdd80d,0x80059ff4e694f878c0498f6f3a067ee7ca62dc2fc46251a4287b58355ce47bc5,US x Iran ceasefire by April 30?,30595.257020000005,BUY,,5.0,1.0,98.15680880330125,True,2.2737367544323206e-12,7.431664172476104e-17,fresh_wallet;single_market;large_first_position;informed_entry;early_timing,,,,
onchain,0.75,,1,0xa3fa94b967df7e940d23a872a394919da11eff2d,0xacac1a4b66459802a709b2f2eeed96fed8f8982a6fa6a782c3bc29556cc5b5a0,Israel x Hamas ceasefire by October 31?,50580.71189700001,BUY,,5.0,0.8780968698798833,99.06963631237666,True,7.958078640513122e-13,1.5733425533271554e-17,fresh_wallet;single_market;large_first_position;informed_entry;early_timing,,,,
onchain,0.75,,1,0xa94ff2500b010a4de2f820edea99b01447d46d6f,0xc7140ddb5ae5dc94d4553fb05d4600816f33ff024844cebe8326f4c41c4a1a47,"Israel x Hezbollah ceasefire by April 30, 2026?",28083.37391899999,BUY,,5.0,0.9975293518918944,98.6806074184715,True,-3494.6095539999965,-0.12443695561934229,fresh_wallet;single_market;large_first_position;informed_entry;early_timing,,,,
onchain,0.75,,1,0xa9abc9a65cbe309d8be46096ba63bcbf4292b83c,0xa638577415195ac2ca0e8ab8befd45e3991612be6d2cf64e661abc6350c7900a,Yoon out as president of South Korea before April?,41767.37849899999,SELL,,5.0,0.9963949090874327,97.63234902899708,True,-12097.577200999995,-0.2896417643565932,fresh_wallet;single_market;large_first_position;informed_entry;early_timing,,,,
onchain,0.75,,1,0xadc6f955ce97dbc09483f5270ae10e77a3b28305,0xa638577415195ac2ca0e8ab8befd45e3991612be6d2cf64e661abc6350c7900a,Yoon out as president of South Korea before April?,10121.202099999999,BUY,,5.0,1.0,92.95025272678905,True,-2848.4021000000002,-0.2814292286486405,fresh_wallet;single_market;large_first_position;informed_entry;early_timing,,,,
callout,0.75,T2,1,0xafEe,0xea17b1284d10617a57f910b2ea63bdef481b1724a4b899d454ff104bea67b657,#1 Searched Person on Google This Year (and related Google end-of-year search ranking markets),1000000.0,NO,YES,,,,,,,tier=T2;n_sources=1,2025-11-04T00:00:00Z,2025-12-04T16:00:00Z,,https://hoodline.com/2025/12/meta-engineer-claims-google-insider-used-early-search-data-in-1m-polymarket-plunder/
onchain,0.75,,1,0xb028d9c9206210bacb9faef7eb4322530c88b0dc,0xdc4b9ecbfac2c8e98fe18b35c4578a3c64e34ddfe16b1cf8a98ab3ad9d06c088,"Will US or Israel strike Iran by February 28, 2026?",15427.859696,BUY,,5.0,1.0,97.40259740259741,True,-8275.165035,-0.5363780328612602,fresh_wallet;single_market;large_first_position;informed_entry;early_timing,,,,
onchain,0.75,,1,0x910d272f17391eec10f1f7f3f595a88e538dcfc0,0x580adc1327de9bf7c179ef5aaffa3377bb5cb252b7d6390b027172d43fd6f993,"Maduro out by January 31, 2026?",43975.112850000005,BUY,,5.0,0.8341153745710607,98.12895797351756,True,-18434.114125,-0.419194242613524,fresh_wallet;single_market;large_first_position;informed_entry;early_timing,,,,
onchain,0.75,,1,0x94e2f2df727e63da002776e0a409bc3cfbe7f6a9,0x68ff092a4ea332946bc7ca59efc2b2a56bb702fd0d85d02ba883d29d7fdc5f2e,South Korean President impeached in 2024?,18548.101759000005,BUY,,5.0,1.0,98.07273857631333,True,0.0,0.0,fresh_wallet;single_market;large_first_position;informed_entry;early_timing,,,,
onchain,0.75,,1,0x8fba3aa991dc7df44f8a3b20a178e1781b7d433a,0x70909f0ba8256a89c301da58812ae47203df54957a07c7f8b10235e877ad63c2,Khamenei out as Supreme Leader of Iran by March 31?,11379.831199000002,BUY,,5.0,1.0,96.89387402933563,True,1049.5124730000007,0.09222566263480482,fresh_wallet;single_market;large_first_position;informed_entry;early_timing,,,,
onchain,0.75,,1,0x715e4430442e3c7bf152041ac5a1a9d9b234e9df,0x74f97b1c6caf682f5ef9ccd325b3344959bf8fd38fe565e5398ecfebb827b4c0,Will Biden announce resignation by July 31?,681445.759396,BUY,,5.0,1.0,99.919935948759,True,2.651745489856694e-11,3.891352251141853e-17,fresh_wallet;single_market;large_first_position;informed_entry;early_timing,,,,
onchain,0.75,,1,0x58547cb94ee3d4cf07c4b91d7e8659ae9e2f3f2e,0xdc4b9ecbfac2c8e98fe18b35c4578a3c64e34ddfe16b1cf8a98ab3ad9d06c088,"Will US or Israel strike Iran by February 28, 2026?",24173.455200000004,BUY,,5.0,1.0,98.2895153626861,True,-1.2096990076315706e-12,-5.004245349384603e-17,fresh_wallet;single_market;large_first_position;informed_entry;early_timing,,,,
onchain,0.75,,1,0x5967ca9ae9d1e46dbcffd6f396c2f326683e750d,0xeda6b1f61168ca6363e1cf8b60777197c5b6f88e5c2fcf3153cf9c2442943dfc,Thailand x Cambodia ceasefire by December 31?,11997.734121000003,BUY,,5.0,0.9889881748510515,99.11150599733452,True,1.794120407794253e-13,1.49538270285049e-17,fresh_wallet;single_market;large_first_position;informed_entry;early_timing,,,,
onchain,0.75,,1,0x5d5d4149e6ac3bd2d541e0523afa4ecb950664e5,0xdc4b9ecbfac2c8e98fe18b35c4578a3c64e34ddfe16b1cf8a98ab3ad9d06c088,"Will US or Israel strike Iran by February 28, 2026?",10383.326529999998,BUY,,5.0,0.8387896415810214,96.48400380107697,True,-3.410605131648481e-13,-3.2846940927788404e-17,fresh_wallet;single_market;large_first_position;informed_entry;early_timing,,,,
onchain,0.75,,1,0x6111335632d75cca323f05cf202bce3645a7cbff,0xdc4b9ecbfac2c8e98fe18b35c4578a3c64e34ddfe16b1cf8a98ab3ad9d06c088,"Will US or Israel strike Iran by February 28, 2026?",107748.38876799998,SELL,,5.0,0.9413172515371657,99.58821666138739,True,11528.256452,0.10699237903985956,fresh_wallet;single_market;large_first_position;informed_entry;early_timing,,,,
onchain,0.75,,1,0x8ccedcdd40c9623a524c2e734879fc397b865c11,0xa9937410f8aae98cc6440a7480ad832be5a1a998afcf5a6e77c6f5aa4c0f259f,US x Iran ceasefire by May 31?,39686.866453999995,BUY,,5.0,1.0,98.72186718532926,True,-1.3642420526593924e-12,-3.4375151644704663e-17,fresh_wallet;single_market;large_first_position;informed_entry;early_timing,,,,
onchain,0.75,,1,0x672b0322b5dea83c4567cb386975a5dc487d43bd,0x0c8ad9a71972fd2983a76a4243f3719e4b5bb0d82cc92eb01c7ee6617fb2c970,Will MicroStrategy purchase Bitcoin July 1-7?,16989.093258000004,BUY,,5.0,1.0,99.74613431802446,True,1443.2299970000001,0.08495038405421647,fresh_wallet;single_market;large_first_position;informed_entry;early_timing,,,,
onchain,0.75,,1,0x6ae06eccd446342f96109e31eb7451383b511472,0xacac1a4b66459802a709b2f2eeed96fed8f8982a6fa6a782c3bc29556cc5b5a0,Israel x Hamas ceasefire by October 31?,253357.89512499998,BUY,,5.0,1.0,99.91542148294333,True,-74584.46547899998,-0.29438382191406354,fresh_wallet;single_market;large_first_position;informed_entry;early_timing,,,,
onchain,0.75,,1,0x71139cbfc32786f99352558a651c8d953fac085d,0x70909f0ba8256a89c301da58812ae47203df54957a07c7f8b10235e877ad63c2,Khamenei out as Supreme Leader of Iran by March 31?,33302.32620000001,BUY,,5.0,1.0,98.83188425034845,True,-16506.586200000005,-0.49565865461974845,fresh_wallet;single_market;large_first_position;informed_entry;early_timing,,,,
onchain,0.75,,1,0x65ee005057b80ce584ae30aa7cb3a571e03ffb20,0x80059ff4e694f878c0498f6f3a067ee7ca62dc2fc46251a4287b58355ce47bc5,US x Iran ceasefire by April 30?,19946.824796,BUY,,5.0,1.0,97.414030261348,True,-9.094947017729282e-13,-4.5595963822538414e-17,fresh_wallet;single_market;large_first_position;informed_entry;early_timing,,,,
onchain,0.75,,1,0x72faa37f508bf7447a1cef2a952d2cb03b5ed05e,0xf00886b051ccb78c519871e9c3a89a39121e0c2b28bf616171cf2a7a32a02002,Will Trump talk to Nicolás Maduro in November?,10848.0,,,5.0,1.0,97.69778149853495,True,0.0,0.0,fresh_wallet;single_market;large_first_position;informed_entry;early_timing,,,,
onchain,0.75,,1,0x789dbf8c7e60b609e1282e6a9c76728570665bfb,0x580adc1327de9bf7c179ef5aaffa3377bb5cb252b7d6390b027172d43fd6f993,"Maduro out by January 31, 2026?",13381.0688,BUY,,5.0,1.0,95.30800230282097,True,-2.2737367544323206e-13,-1.699219089608388e-17,fresh_wallet;single_market;large_first_position;informed_entry;early_timing,,,,
onchain,0.75,,1,0x8016502332a54f42608d7e12549dbc82328a9894,0x6cc501fa617e3a46ececf6e3990fe1afeeaa6bc897d3c7049c005fd1bdc42c2f,Fed decreases interest rates by 50+ bps after September 2024 meeting?,11856.669935999998,SELL,,5.0,1.0,95.13595166163142,True,566.6156520000001,0.047788768267859466,fresh_wallet;single_market;large_first_position;informed_entry;early_timing,,,,
onchain,0.75,,1,0x803daa75be7fb97f5c5c59328f9a4abe1e54135d,0xa9937410f8aae98cc6440a7480ad832be5a1a998afcf5a6e77c6f5aa4c0f259f,US x Iran ceasefire by May 31?,21422.597598,SELL,,5.0,1.0,97.63823284245625,True,6.110667527536862e-13,2.8524400458828344e-17,fresh_wallet;single_market;large_first_position;informed_entry;early_timing,,,,
onchain,0.75,,1,0x86c2745f22aafe88b91874d42d9b73aa1038297c,0x0c8ad9a71972fd2983a76a4243f3719e4b5bb0d82cc92eb01c7ee6617fb2c970,Will MicroStrategy purchase Bitcoin July 1-7?,10472.197646999997,BUY,,5.0,1.0,99.54996538195246,True,4071.999888,0.3888390980823894,fresh_wallet;single_market;large_first_position;informed_entry;early_timing,,,,
onchain,0.75,,1,0x8bdbcbbd479206ee1a7bcc90f6febbe10b95b627,0x80059ff4e694f878c0498f6f3a067ee7ca62dc2fc46251a4287b58355ce47bc5,US x Iran ceasefire by April 30?,26996.8564,BUY,,5.0,0.9123203998732132,97.96423658872077,True,2.278177646530821e-13,8.438677499246991e-18,fresh_wallet;single_market;large_first_position;informed_entry;early_timing,,,,
onchain,0.75,,1,0x757a133fce627a957243a466a7fd4d06e0d60e81,0x8fbfd38766cc418ffd335752fb2c4214cbd53f7940f3eb859e2272dc7d2a5ade,Israel x Hamas ceasefire by January 31?,12796.34001600001,BUY,,5.0,1.0,98.03632793323514,True,-679.9854230000001,-0.05313905555414866,fresh_wallet;single_market;large_first_position;informed_entry;early_timing,,,,
callout,0.55,T3,1,,0xc11dd6459a3a82ab0563a8fd7b76a5f2249c2607a9430ed66f8f2194c70a5982,Will Péter Magyar become Hungary's next Prime Minister?,97000.0,NO,,,,,,,,tier=T3;n_sources=1,2025-11-01T00:00:00Z,2026-03-26T17:44:00Z,,https://reddit.com/r/Polymarket/comments/1s4egca/polymarket_whale_is_betting_100k_against_the/
callout,0.55,T3,1,,0xced98d0868ecc91d9e94a5edb2c19b6652356df3c2a8f583f6ed5e3c66bd0693,"Will GPT-5.5 be published by April 23, 2026?",,YES,,,,,,,,tier=T3;n_sources=1,2026-04-14T00:00:00Z,2026-04-23T23:59:59Z,,https://reddit.com/r/Polymarket/comments/1slcse0/why_people_so_weirdly_sure_about_gpt_55_published/og649xx/
callout,0.55,T3,1,,0x7222faf17c6b889d1c42cc1937cb09aff64b22fa677eb76db33c34e708e2b9ee,Trump/Netanyahu outcome,59000.0,NO,,,,,,,,tier=T3;n_sources=1,,2026-03-25T12:42:00Z,,https://reddit.com/r/Polymarket/comments/1s2jw1u/polymarket_trader_drops_59k_on_trump_netanyahu/ocds2rb/
callout,0.55,T3,1,,0x6d0e09d0f04572d9b1adad84703458b0297bc5603b69dccbde93147ee4443246,Will US forces enter Iran?,75000.0,YES,,,,,,,,tier=T3;n_sources=1,,,,https://reddit.com/r/Polymarket/comments/1s7v8wd/this_guy_bet_375k_that_us_forces_will_enter_iran/odgd7f9/
callout,0.55,T3,1,,0xfcde02af15efe40e336d67f0ef9aa49e9d40c37b92961fb890afc4afdbfe54d6,Hungarian election: TISZA performance vs. Orbán's party,44000.0,YES,,,,,,,,tier=T3;n_sources=1,,,,https://reddit.com/r/Polymarket/comments/1s8021d/someones_first_ever_polymarket_bet_is_44k_on_a/odeqzp6/
callout,0.55,T3,1,,0xd5af06a731a721df4d5835964cf84bccf1c1f599002284908c6475d4fc16c08e,Will TISZA win Hungary's election?,44000.0,YES,,,,,,,,tier=T3;n_sources=1,,,,https://reddit.com/r/Polymarket/comments/1s8021d/someones_first_ever_polymarket_bet_is_44k_on_a/
callout,0.55,T3,1,,0x6d0e09d0f04572d9b1adad84703458b0297bc5603b69dccbde93147ee4443246,Will U.S. forces enter Iran within 5 days?,27000.0,YES,,,,,,,,tier=T3;n_sources=1,2026-03-09T00:00:00Z,2026-03-09T14:32:00Z,,https://reddit.com/r/Polymarket/comments/1rp1sbc/a_fresh_wallet_just_bet_27000_on_us_forces/
callout,0.55,T3,1,,0x6d0e09d0f04572d9b1adad84703458b0297bc5603b69dccbde93147ee4443246,"Will US forces enter Iran by April 30, 2026?",375000.0,YES,,,,,,,,tier=T3;n_sources=1,2026-01-01T00:00:00Z,2026-03-30T16:20:00Z,,https://reddit.com/r/Polymarket/comments/1s7v8wd/this_guy_bet_375k_that_us_forces_will_enter_iran/
callout,0.55,T3,1,,0x6d0e09d0f04572d9b1adad84703458b0297bc5603b69dccbde93147ee4443246,Will US forces enter Iran?,930000.0,YES,,,,,,,,tier=T3;n_sources=1,2026-03-31T00:00:00Z,2026-04-01T19:12:00Z,,https://reddit.com/r/Polymarket/comments/1s9u9xs/this_whale_just_bet_930k_that_us_forces_will/
callout,0.55,T3,2,,0x3e2c7e5886931fb635ae0b2ebdac7fa6bbfe1128c761bc8df3cc90e6dd87751b,Barron Trump prediction market trading activity,,,,,,,,,,tier=T3;n_sources=2,,2026-04-13T17:53:00Z,,https://reddit.com/r/Polymarket/comments/1skig93/barron_trump_trading_against_people_that_have/;https://reddit.com/r/Polymarket/comments/1skig93/barron_trump_trading_against_people_that_have/og03rtr/
callout,0.55,T3,1,,0x705479cc3e7cf2907997c62b4245356c48b5133f7d82a47829a2354dd77a7c51,Will the US invade Iran?,730000.0,YES,,,,,,,,tier=T3;n_sources=1,2026-04-14T00:00Z,2026-04-17T01:00Z,,https://reddit.com/r/PredictionMarkets/comments/1so8e9l/trump_says_iran_agreed_to_no_nuclear_weapons_but/
