raw_source,raw_source_url,raw_created_utc,raw_title,raw_body,raw_score,is_allegation,market_question,ts_lower,ts_upper,size_usd_approx,wallet_addr,direction,outcome_resolved,confidence_tier,quote,reasoning
reddit,https://reddit.com/r/Polymarket/comments/1skig93/barron_trump_trading_against_people_that_have/,1776102785,Barron Trump trading against people that have zero insider information,,49,True,Barron Trump prediction market trading activity,,2026-04-13T17:53:00Z,,,,,T3,Barron Trump trading against people that have zero insider information,"The title presents a specific allegation that Barron Trump is trading with insider information on Polymarket, framed as gaining advantage against uninformed traders. However, no concrete trade details (size, timing, wallet, specific market), documentation, or corroboration are provided—this is single-source community speculation without supporting evidence."
reddit,https://reddit.com/r/Polymarket/comments/1s9u9xs/this_whale_just_bet_930k_that_us_forces_will/,1775070755,This whale just bet $930K that US forces will enter Iran,"$930K total on american boots hitting iranian soil. let that sink in for a sec

whats wild is this guy was right about the US striking iran the first time. 

you dont just throw almost a million dollars at a war prediction for fun

both positions are red rn tho. down $61K on the december bet and $53K on the april one. markets have moved against him. 

he knows something iykyk",21,True,Will US forces enter Iran?,2026-03-31T00:00:00Z,2026-04-01T19:12:00Z,930000.0,,YES,,T3,$930K total on american boots hitting iranian soil... he knows something iykyk,"The post identifies a specific large trade ($930K) on a concrete market question (US forces entering Iran) with alleged suspicious timing and insider knowledge. However, no wallet address is provided, and the 'proof' rests on inference (trader was right before, throwing large sums suggests knowledge) rather than documented evidence of non-public information access. This is community speculation lacking corroboration."
reddit,https://reddit.com/r/Polymarket/comments/1s8021d/someones_first_ever_polymarket_bet_is_44k_on_a/,1774897650,Someone's first ever Polymarket bet is $44K on a Hungarian election lmao,"Anonymous wallet dropped $44K on TISZA winning Hungary's election

Who wakes up one day and throws 44 grand on Hungarian politics as their introduction to prediction markets, must be some kind of insider imo

Thing is the bet isn't even that crazy. TISZA is now pulling ahead even in Orban's own strongholds. Every independent poll has them leading by double digits. They went from a party that didn't exist in 2023 to potentially ending the longest ruling government in the EU",13,True,Will TISZA win Hungary's election?,,,44000.0,,YES,,T3,"Anonymous wallet dropped $44K on TISZA winning Hungary's election. Who wakes up one day and throws 44 grand on Hungarian politics as their introduction to prediction markets, must be some kind of insider imo","The post contains a specific allegation that an anonymous trader made a large $44K bet on TISZA winning Hungary's election as their first market bet, with the author explicitly suggesting insider knowledge ('must be some kind of insider'). However, this is single-source community speculation without corroboration, wallet address, or concrete timing details—T3 confidence."
reddit,https://reddit.com/r/Polymarket/comments/1s7v8wd/this_guy_bet_375k_that_us_forces_will_enter_iran/,1774887607,This guy bet $375K that US forces will enter Iran by April 30,"Bro where do people even get this kind of money to just throw at predictions like this. Like I genuinely wanna know what this guy does for a living.

And the fun part? This dude almost never loses. 57 predictions total, only lost 6. His biggest single win was $568K. He's up $1.6M all time and he joined in JANUARY. Thats 3 months ago

Like does this guy know something we don't?? You don't just throw 375 grand at a war prediction unless you're either completely unhinged or you're seeing something the rest of us aren't. I need whatever conviction this man is running on fr

Market's at 67% rn and it's moved up since he bought in. Make of that what you will.",11,True,"Will US forces enter Iran by April 30, 2026?",2026-01-01T00:00:00Z,2026-03-30T16:20:00Z,375000.0,,YES,,T3,"This guy bet $375K that US forces will enter Iran by April 30... This dude almost never loses. 57 predictions total, only lost 6... does this guy know something we don't??","The post identifies a specific trader with a large bet ($375K) on a geopolitical prediction market, and explicitly raises suspicion about non-public information ('does this guy know something we don't'). However, no wallet address is provided, the trader is not named, and the claim relies solely on one Reddit user's observation without corroboration or on-chain evidence, making this a single-source T3 allegation."
reddit,https://reddit.com/r/Polymarket/comments/1rp1sbc/a_fresh_wallet_just_bet_27000_on_us_forces/,1773066733,"A fresh wallet just bet $27,000 on U.S. forces entering Iran within 5 days","Zero history, Just one prediction. Already sitting on nearly $4,000 profit.",11,True,Will U.S. forces enter Iran within 5 days?,2026-03-09T00:00:00Z,2026-03-09T14:32:00Z,27000.0,,YES,,T3,"A fresh wallet just bet $27,000 on U.S. forces entering Iran within 5 days. Zero history, Just one prediction. Already sitting on nearly $4,000 profit.","This is a community-reported suspicious trade with concrete details (size ~$27K, market, timing, direction YES, fresh wallet with no history, immediate profit). However, wallet address is not provided and the source is unverified single-post speculation, making it T3. The framing implies insider knowledge (why else would a new wallet bet this size on a specific geopolitical event?), meeting the threshold for a genuine allegation."
reddit,https://reddit.com/r/Polymarket/comments/1s4egca/polymarket_whale_is_betting_100k_against_the/,1774547098,Polymarket whale is betting $100K AGAINST the crowd on Hungary's election,"ok so hear me out because this is actually wild

there's this trader on Polymarket called Alexparker who's got a massive position betting NO on Péter Magyar becoming Hungary's next Prime Minister. we're talking 214,936 shares of NO, bought at an average price of 45¢ per share. if Magyar loses, this dude stands to pocket around $118K in profit on roughly $97K risked

here's what makes this spicy though, this guy has apparently won his last 50 trades in a row. his biggest single win was $101K, joined in Nov 2025 and already has 93 predictions under his belt. actual degen legend behavior ngl.

now here's the thing, Polymarket odds currently have Magyar at 65% to become Hungary's next PM. the election is literally April 12th. so the entire market is saying Magyar wins, and this guy is just standing there like nah

for context, Orbán has been running Hungary for 14 years and his Fidesz party still has massive institutional advantages, especially in rural districts. Magyar's TISZA party is leading in polls but winning the popular vote and actually forming a government are two very different things in Hungary's mixed electoral system.

so either this trader knows something the market doesn't, or he's about to turn a 50-win streak into a 50 and 1",8,True,Will Péter Magyar become Hungary's next Prime Minister?,2025-11-01T00:00:00Z,2026-03-26T17:44:00Z,97000.0,,NO,,T3,"trader on Polymarket called Alexparker who's got a massive position betting NO on Péter Magyar becoming Hungary's next Prime Minister. we're talking 214,936 shares of NO, bought at an average price of 45¢ per share... this guy has apparently won his last 50 trades in a row","The post identifies a specific trader (Alexparker) with a documented large contrarian position (214,936 NO shares at 45¢) against market consensus (Magyar at 65%), coupled with a claimed 50-win streak, framing the bet as potentially based on non-public information ('either this trader knows something the market doesn't'). However, this is community speculation without on-chain verification, wallet address, or corroboration from other sources, making it T3."
reddit,https://reddit.com/r/Polymarket/comments/1skig93/barron_trump_trading_against_people_that_have/og03rtr/,1776110510,,"If Barron Trump is actually trading on Polymarket with insider information from the White House, this is the biggest prediction market scandal possible. It makes every geopolitical market on Polymarket suspect because you'd never know if the price movement was informed trading or insider front-running. The on-chain data is public - someone should be able to verify his wallet's trading patterns around major announcements. If his buys consistently precede news that moves markets, that's not luck.",0,True,Geopolitical markets (unspecified),,,,,,,T3,"If Barron Trump is actually trading on Polymarket with insider information from the White House... If his buys consistently precede news that moves markets, that's not luck.","The post alleges that Barron Trump traded on non-public White House information, framed as a conditional hypothesis supported by a pattern claim (consistent pre-announcement buys). However, no specific trade, wallet address, market, timing, or size is provided—only a speculative scenario. This qualifies as a T3 single-source allegation lacking corroboration or concrete details."
reddit,https://reddit.com/r/Polymarket/comments/1s8021d/someones_first_ever_polymarket_bet_is_44k_on_a/odeqzp6/,1774914935,,"First bet being $44K on a Hungarian election screams insider or someone with deep regional knowledge. No casual trader picks that as their entry point.

What's telling is the market itself — TISZA pulling ahead even in Orbán's own polling is a pretty strong signal. If this person has ground-level intel from Hungary, buying at current odds could be a very calculated move, not a gamble.

We see this pattern a lot when tracking trader behavior on Polymarket — the wallets that consistently win aren't the ones making 50 trades a week. They're the ones who show up once, drop a large conviction bet, and disappear. High accuracy, low frequency.

This is exactly the kind of trader that's worth watching. If their next move is in another geopolitical market, the signal is probably worth paying attention to.",1,True,Hungarian election: TISZA performance vs. Orbán's party,,,44000.0,,YES,,T3,First bet being $44K on a Hungarian election screams insider or someone with deep regional knowledge. No casual trader picks that as their entry point.,"The post alleges a specific suspicious trade ($44K on a Hungarian election market) by an unnamed wallet, framed as possible insider trading based on trade size and market selection. However, the wallet address is not provided, the exact timing is unknown, and the allegation relies entirely on single-source speculation about trading patterns without corroboration or on-chain evidence."
reddit,https://reddit.com/r/Polymarket/comments/1s7v8wd/this_guy_bet_375k_that_us_forces_will_enter_iran/odgd7f9/,1774937533,,51 out of 57 is insane but always check if those losses are actually closed. some of these 'whale' accounts just dont sell their losing positions so the win rate looks better than it is. also 75k on a geopolitical event that could easily not happen screams insider info or just someone with way more money than sense,1,True,Will US forces enter Iran?,,,75000.0,,YES,,T3,75k on a geopolitical event that could easily not happen screams insider info or just someone with way more money than sense,"The author identifies a specific suspicious trade ($75K on a geopolitical event) and explicitly frames it as potentially insider-trading driven, but provides no wallet address, precise timing, or corroborating evidence—making this single-source speculation (T3)."
reddit,https://reddit.com/r/Polymarket/comments/1s2jw1u/polymarket_trader_drops_59k_on_trump_netanyahu/ocds2rb/,1774442552,,59k on trump/netanyahu out bets at 1-12% odds is pure lottery ticket behavior. the expected value is terrible unless this person genuinely has information. and if they do have info then we're back to the insider trading problem poly keeps running into,1,True,Trump/Netanyahu outcome,,2026-03-25T12:42:00Z,59000.0,,NO,,T3,59k on trump/netanyahu out bets at 1-12% odds is pure lottery ticket behavior. the expected value is terrible unless this person genuinely has information.,"The author identifies a specific trade (59k on a Trump/Netanyahu market at very long odds) and explicitly frames it as suspicious—suggesting the only rational explanation is non-public information. However, the post lacks a wallet address, precise timing, or corroborating evidence, making this single-source speculation (T3)."
reddit,https://reddit.com/r/Polymarket/comments/1rp1sbc/a_fresh_wallet_just_bet_27000_on_us_forces/obojmdm/,1774107567,,"This one aged poorly - March 14 came and went with no US boots on the ground. The bet lost. Three weeks into the war and it's still entirely an air campaign, even though Netanyahu just said ""there must be a ground component"" and the Pentagon is now prepping 82nd Airborne and multiple Marine units as contingency.

That said, the fresh wallet + single high-conviction bet pattern keeps showing up on these military markets. Whether it's insider knowledge or just degen gambling on geopolitics, it's basically the reason Congress is now drafting bills to ban prediction markets on military actions.",2,True,Will US forces conduct ground operations [in conflict referenced as 'the war'],2026-02-21T00:00:00Z,2026-03-14T00:00:00Z,27000.0,,YES,NO,T2,This one aged poorly - March 14 came and went with no US boots on the ground. The bet lost... the fresh wallet + single high-conviction bet pattern keeps showing up on these military markets.,"The post identifies a specific suspicious trade pattern: a fresh wallet betting $27K on a military outcome (ground operations by March 14) that subsequently resolved NO. The author frames the 'fresh wallet + single high-conviction bet' as a recurring pattern on military markets, which constitutes a documented pattern allegation. While not naming a specific wallet address, the trade details (size, approximate timing window, market, direction, resolution) are concrete enough to extract. Confidence is T2 because this is community-reported observation of on-chain betting patterns, not a named journalist source, but the specificity of the market and bet outcome supports extraction."
reddit,https://reddit.com/r/Polymarket/comments/1slcse0/why_people_so_weirdly_sure_about_gpt_55_published/og649xx/,1776187669,,"The GPT-5.5 on April 23 confidence without any public evidence is either (1) someone at OpenAI leaked internally and it spread through prediction market channels, (2) pattern-matching on OpenAI's historical release cadence, or (3) mass delusion from a single influential poster. The fact that the odds are high with no supporting news is either the strongest or weakest possible signal. Resolution in 9 days will tell us if Polymarket crowds have genuine alpha on tech releases or if this is another GTA VI situation.",1,True,"Will GPT-5.5 be published by April 23, 2026?",2026-04-14T00:00:00Z,2026-04-23T23:59:59Z,,,YES,,T3,The GPT-5.5 on April 23 confidence without any public evidence is either (1) someone at OpenAI leaked internally and it spread through prediction market channels,"The post alleges a potential insider-trading scenario (leaked information from OpenAI spreading via prediction markets) as one of three explanations for unusually high market odds on GPT-5.5 by April 23 with no public evidence. However, this is speculative commentary on possible causes without identifying a specific trader, wallet, or trade size, making it single-source speculation without corroboration."
reddit,https://reddit.com/r/PredictionMarkets/comments/1so8e9l/trump_says_iran_agreed_to_no_nuclear_weapons_but/,1776448532,Trump says Iran agreed to 'no nuclear weapons' but a prediction market whale just bet $730K on US invasion. Who's right?,"Trump just told reporters Iran ""has agreed to no nuclear weapons and will hand over the nuclear dust."" An hour later, the War Powers Resolution to stop Operation Epic Fury failed in the House 213-214. One vote.

Meanwhile on Polymarket, a whale has been accumulating $730K+ on US invading Iran over 72 hours straight. Same wallet previously made $1M+ on Iran conflict markets.

Three reads:

1. Trump's deal talk is real - ceasefire markets should ramp, invasion odds collapse
2. The whale knows the deal falls apart - blockade stays, invasion odds stay elevated
3. Both are right - deal on paper, but military stays deployed as leverage

The 72h accumulation pattern from a $1M+ track record whale is the part I can't ignore. You don't put $730K on an invasion bet if you think diplomacy is working.

War Powers failed by ONE vote. That means the blockade continues regardless of any deal talk. The military infrastructure stays in place.

UPDATE: Strait of Hormuz just reopened to commercial traffic. Oil crashed below $85. But the naval blockade stays until deal is ""100% complete."" Trump offered $20B in frozen funds for Iran's enriched uranium stockpile.

Is the whale cooked, or is Trump bluffing again?",11,True,Will the US invade Iran?,2026-04-14T00:00Z,2026-04-17T01:00Z,730000.0,,YES,,T3,a whale has been accumulating $730K+ on US invading Iran over 72 hours straight. Same wallet previously made $1M+ on Iran conflict markets.,"The post identifies a specific trader (unnamed wallet) making a substantial $730K bet on YES (US invasion) over a 72-hour window, framed as suspicious timing given concurrent diplomatic claims. The author implies the whale had non-public information about deal failure. However, no wallet address, journalist verification, or corroborating sources are provided—only the author's speculation about trader intent."
reddit,https://reddit.com/r/PredictionMarkets/comments/1o52e3u/update_how_the_nobel_peace_prize_polymarket_leak/,1760307166,"Update: How the Nobel Peace Prize Polymarket ""leak"" may have actually happened. The ""Insider"" has been interviewed",,6,True,Who will win the Nobel Peace Prize (2025),,,,,,,T2,"Update: How the Nobel Peace Prize Polymarket ""leak"" may have actually happened. The ""Insider"" has been interviewed","The post title explicitly references a Nobel Peace Prize Polymarket 'leak' involving an insider with alleged non-public information. The mention of an interviewed 'insider' and 'leak' framing indicates a specific allegation of insider trading, though the post itself (content not provided) would need to contain trade details. Based on the title alone indicating corroboration ('interviewed'), this qualifies as T2."
